gene,polymorphism,divergence
A1BG,15,10
A1CF,1030,372
A2ML1,750,432
A2M,1152,559
A3GALT2,99,58
A4GALT,398,177
A4GNT,80,2
AAAS,149,45
AACS,830,170
AADACL2,147,1
AADACL3,57,6
AADACL4,162,2
AADAT,265,36
AAED1,189,10
AAGAB,319,107
AAK1,1150,333
AAMDC,437,291
AAMP,56,28
AAR2,161,104
AARD,64,46
AARS2,138,4
AARSD1,196,100
AARS,334,124
AASDHPPT,425,39
AASDH,126,64
AASS,1521,142
AATF,1461,453
AATK,516,152
ABAT,613,340
ABCA12,2185,485
ABCA1,1515,954
ABCA3,102,3
ABCA4,2920,1225
ABCA5,2945,891
ABCA6,3516,1050
ABCA7,67,7
ABCB10,319,114
ABCB11,924,649
ABCB1,1532,848
ABCB4,1166,628
ABCB5,812,18
ABCB6,68,44
ABCB7,1,1
ABCB8,193,158
ABCB9,241,41
ABCC10,264,50
ABCC11,1305,125
ABCC12,1106,21
ABCC1,1573,781
ABCC2,931,586
ABCC3,856,332
ABCC4,4486,1637
ABCC5,769,134
ABCC6,2037,1193
ABCC8,969,261
ABCC9,987,594
ABCD1,1,1
ABCD2,593,263
ABCD3,1482,128
ABCD4,253,163
ABCE1,260,73
ABCF1,191,62
ABCF2,297,102
ABCF3,62,5
ABCG1,1275,880
ABCG2,1730,656
ABCG4,123,82
ABCG5,493,347
ABCG8,199,116
ABHD10,236,70
ABHD11,9,3
ABHD12B,95,43
ABHD12,746,642
ABHD13,102,36
ABHD14A,44,18
ABHD14B,28,9
ABHD15,127,5
ABHD16A,132,19
ABHD16B,10,2
ABHD17A,33,13
ABHD17B,346,185
ABHD17C,1057,639
ABHD18,275,19
ABHD1,56,18
ABHD2,1065,420
ABHD3,280,144
ABHD4,257,104
ABHD5,700,94
ABHD6,684,334
ABHD8,34,7
ABI1,1515,1117
ABI2,594,473
ABI3BP,2206,1384
ABL1,2327,811
ABL2,687,468
ABLIM1,7689,1464
ABLIM2,2676,1142
ABLIM3,3217,1008
ABO,509,290
ABRACL,234,75
ABRA,102,23
ABRAXAS1,365,21
ABRAXAS2,449,348
ABR,2141,316
ABT1,48,9
ABTB1,81,35
ABTB2,3989,1049
ACAA1,415,190
ACAA2,139,66
ACACA,2564,1396
ACACB,2084,873
ACAD10,238,7
ACAD11,517,25
ACAD8,331,20
ACAD9,468,102
ACADL,264,230
ACADM,176,38
ACADSB,812,488
ACADS,59,29
ACADVL,62,24
ACAN,640,471
ACAP1,72,26
ACAP2,992,52
ACAP3,52,23
ACAT1,163,49
ACAT2,371,248
ACBD3,95,16
ACBD4,108,39
ACBD5,779,634
ACBD6,1863,33
ACBD7,324,226
ACCSL,3008,594
ACCS,603,138
ACD,21,2
ACE2,1,1
ACER1,427,64
ACER2,236,15
ACER3,2907,375
ACE,240,172
ACHE,35,3
ACIN1,157,20
ACKR1,22,1
ACKR2,438,196
ACKR3,302,114
ACKR4,32,2
ACLY,832,333
ACMSD,885,182
ACO1,833,394
ACO2,862,458
ACOD1,65,47
ACOT11,1952,380
ACOT12,255,74
ACOT13,132,6
ACOT6,41,6
ACOT7,1037,695
ACOT8,276,114
ACOT9,1,1
ACOX1,239,178
ACOX2,215,78
ACOX3,1098,488
ACOXL,2363,64
ACP1,25,21
ACP2,61,8
ACP5,9,1
ACP6,197,73
ACP7,214,75
ACPP,789,130
ACPT,21,10
ACRBP,136,24
ACRV1,24,19
ACR,21,11
ACSBG1,1025,418
ACSBG2,148,20
ACSF2,497,242
ACSF3,1084,270
ACSL1,602,501
ACSL3,977,670
ACSL4,1,1
ACSL5,560,293
ACSL6,920,634
ACSM2B,295,187
ACSM3,325,11
ACSM4,238,86
ACSM5,633,107
ACSS1,459,254
ACSS2,466,208
ACSS3,3201,766
ACTA1,28,15
ACTA2,240,144
ACTBL2,45,25
ACTB,112,40
ACTC1,10,1
ACTG1,27,14
ACTG2,264,63
ACTL10,32,16
ACTL6A,146,14
ACTL6B,119,9
ACTL7A,21,6
ACTL7B,38,30
ACTL8,76,36
ACTL9,8,4
ACTN1,1449,684
ACTN2,599,196
ACTN3,280,70
ACTN4,505,199
ACTR10,22,4
ACTR1A,302,173
ACTR1B,82,8
ACTR2,175,33
ACTR3B,2398,576
ACTR3,507,43
ACTR5,346,158
ACTR6,279,46
ACTR8,161,50
ACTRT2,13,10
ACTRT3,8,7
ACVR1B,343,53
ACVR1C,258,68
ACVR1,437,384
ACVR2A,555,166
ACVR2B,433,357
ACVRL1,245,96
ACY1,31,11
ACY3,159,49
ACYP1,199,15
ACYP2,2196,532
ADA2,420,309
ADAD1,622,70
ADAD2,177,34
ADAL,272,13
ADAM10,664,263
ADAM11,223,93
ADAM12,7816,3673
ADAM15,101,63
ADAM17,1137,183
ADAM19,898,235
ADAM22,2900,678
ADAM23,2180,1252
ADAM28,1182,542
ADAM29,19,6
ADAM2,286,183
ADAM30,2,2
ADAM33,230,128
ADAM3A,986,305
ADAM5,124,67
ADAM7,764,321
ADAM8,73,28
ADAM9,735,649
ADAMDEC1,600,124
ADAMTS10,56,1
ADAMTS12,9318,2942
ADAMTS13,1013,506
ADAMTS14,1497,1049
ADAMTS15,208,116
ADAMTS16,4054,1718
ADAMTS17,2306,1248
ADAMTS18,3068,2168
ADAMTS19,4464,1271
ADAMTS1,155,80
ADAMTS20,2334,1064
ADAMTS2,1850,145
ADAMTS3,1436,322
ADAMTS4,41,11
ADAMTS5,1013,432
ADAMTS6,1192,679
ADAMTS7,1241,486
ADAMTS8,134,80
ADAMTS9,1716,879
ADAMTSL1,6561,634
ADAMTSL2,797,493
ADAMTSL3,3665,1698
ADAMTSL4,67,37
ADAMTSL5,65,10
ADAP1,1051,76
ADAP2,1084,247
ADARB1,481,51
ADARB2,4709,2741
ADAR,302,84
ADAT1,776,196
ADAT2,420,256
ADAT3,23,3
ADA,394,183
ADCK1,1617,82
ADCK2,273,82
ADCK5,121,22
ADCY10,514,362
ADCY1,2672,1631
ADCY2,9557,3001
ADCY3,2220,1227
ADCY4,62,2
ADCY5,2095,1330
ADCY6,242,41
ADCY7,1319,677
ADCY8,5107,1318
ADCY9,524,127
ADCYAP1R1,1131,217
ADCYAP1,38,8
ADD1,795,393
ADD2,1663,446
ADD3,1215,494
ADGB,2113,1256
ADGRA1,153,61
ADGRA2,376,298
ADGRA3,2234,1132
ADGRB1,456,30
ADGRB2,239,78
ADGRB3,6064,2368
ADGRD1,3679,1638
ADGRD2,222,128
ADGRE1,463,20
ADGRE3,258,6
ADGRE5,84,6
ADGRF1,661,231
ADGRF2,767,350
ADGRF3,106,31
ADGRF4,355,166
ADGRF5,2193,519
ADGRG1,1008,315
ADGRG2,1,1
ADGRG3,626,322
ADGRG4,1,1
ADGRG5,601,282
ADGRG6,1592,854
ADGRG7,632,394
ADGRL1,143,8
ADGRL2,4117,2156
ADGRL3,4168,618
ADGRL4,1379,619
ADGRV1,5023,858
ADH1C,225,14
ADH4_1,1,1
ADH4,624,139
ADH5,354,31
ADHFE1,239,75
ADI1,178,103
ADIG,358,123
ADIPOQ,77,3
ADIPOR1,148,4
ADIPOR2,148,115
ADIRF,54,14
ADK,2379,1748
ADM2,18,11
ADM5,4,3
ADM,12,6
ADNP2,198,93
ADNP,123,62
ADORA1,535,58
ADORA2A,36,14
ADORA2B,330,98
ADORA3,67,31
ADO,15,12
ADPGK,218,69
ADPRHL1,142,38
ADPRHL2,39,21
ADPRH,375,353
ADPRM,1434,462
ADRA1A,2253,703
ADRA1B,3786,1441
ADRA1D,201,121
ADRA2A,2,2
ADRA2B,10,4
ADRA2C,10,3
ADRB1,8,1
ADRB2,38,3
ADRB3,148,144
ADRM1,86,17
ADSL,332,180
ADSS,861,298
ADTRP,811,630
AEBP1,117,45
AEBP2,392,340
AEN,32,2
AES,35,5
AFAP1L1,1235,672
AFAP1L2,2392,458
AFAP1,3187,1982
AFDN,1555,435
AFF1,4119,1411
AFF2,1,1
AFF3,4194,1216
AFF4,304,142
AFG1L,1331,89
AFG3L2,235,195
AFMID,486,247
AFM,140,41
AFP,172,48
AFTPH,206,19
AGAP1,13919,3537
AGAP2,141,26
AGAP3,751,310
AGA,64,27
AGBL1,4485,1279
AGBL2,503,52
AGBL3,1103,648
AGBL4,16245,7819
AGBL5,183,99
AGER,33,7
AGFG1,1131,153
AGFG2,191,5
AGGF1,668,418
AGK,2158,314
AGL,1902,1000
AGMAT,136,108
AGMO,2817,1764
AGO1,119,59
AGO2,448,127
AGO3,988,678
AGO4,242,93
AGPAT1,22,9
AGPAT3,1955,496
AGPAT4,2855,2011
AGPAT5,276,54
AGPS,917,705
AGR2,91,35
AGRN,190,135
AGRP,13,3
AGTPBP1,2600,997
AGTR1,123,81
AGTR2,1,1
AGTRAP,159,94
AGT,184,77
AGXT2,836,143
AGXT,137,81
AHCTF1,541,227
AHCYL1,131,71
AHCYL2,190,15
AHCY,102,75
AHDC1,183,99
AHI1,1975,884
AHNAK,303,115
AHRR,410,288
AHR,506,466
AHSA1,96,7
AHSA2,34,15
AHSG,69,18
AHSP,24,17
AICDA,166,69
AIDA,684,364
AIF1L,586,296
AIF1,228,19
AIFM1,1,1
AIFM2,329,168
AIFM3,45,5
AIG1,2974,1591
AIPL1,201,32
AIP,115,85
AIRE,260,137
AJAP1,1488,776
AJUBA,24,12
AK1,313,21
AK2,180,69
AK3,175,148
AK4,1612,822
AK5,5518,1962
AK6,140,64
AK7,1193,360
AK8,2856,1141
AK9,1523,345
AKAIN1,635,466
AKAP10,1269,416
AKAP11,755,232
AKAP12,2213,1031
AKAP13,1748,577
AKAP14,1,1
AKAP17B,1,1
AKAP1,220,158
AKAP2,4855,2144
AKAP3,512,225
AKAP4,1,1
AKAP5,35,11
AKAP6,4273,2531
AKAP7,2073,657
AKAP8L,140,10
AKAP8,43,1
AKAP9,897,241
AKIP1,239,131
AKIRIN1,79,9
AKIRIN2,137,61
AKNAD1,663,344
AKNA,996,304
AKR1A1,287,88
AKR1B1,2519,1051
AKR1C1_1,542,306
AKR1C1,209,94
AKR1CL1,166,97
AKR1D1,2005,1366
AKR1E2,533,333
AKR7A2,56,31
AKT1S1,21,12
AKT2,181,13
AKT3,3446,1003
AKTIP,388,282
ALAD,124,44
ALAS1,103,35
ALAS2,1,1
ALB,100,32
ALCAM,898,463
ALDH16A1,54,47
ALDH18A1,133,24
ALDH1A1,300,218
ALDH1A2,369,7
ALDH1A3,177,89
ALDH1B1,82,42
ALDH1L1,639,304
ALDH1L2,1154,45
ALDH2,166,57
ALDH3A1,309,143
ALDH3A2,194,71
ALDH3B1,476,144
ALDH4A1,439,238
ALDH5A1,581,142
ALDH6A1,29,8
ALDH7A1,1162,563
ALDH8A1,450,280
ALDH9A1,123,60
ALDOA,49,3
ALDOB,192,118
ALDOC,57,25
ALG10,12,9
ALG11,581,147
ALG12,124,45
ALG13,1,1
ALG14,2451,906
ALG1,104,10
ALG2,141,138
ALG3,32,6
ALG5,491,121
ALG6,1112,581
ALG8,850,256
ALG9,1136,105
ALKAL1,222,175
ALKAL2,24,22
ALKBH1,239,66
ALKBH2,64,39
ALKBH3,531,6
ALKBH4,146,98
ALKBH5,234,146
ALKBH6,29,14
ALKBH7,7,4
ALKBH8,419,120
ALK,8696,4543
ALLC,370,105
ALMS1,1006,164
ALOX12B,140,54
ALOX12,164,130
ALOX15,86,12
ALOX5AP,582,272
ALOX5,705,418
ALOXE3,218,97
ALPK1,2774,792
ALPK2,1610,563
ALPK3,354,203
ALPL,556,255
ALS2CL,225,84
ALS2CR12,78,66
ALS2,16,8
ALX1,351,5
ALX3,80,6
ALX4,334,44
ALYREF,16,10
AMACR,448,31
AMBN,73,30
AMBP,434,132
AMBRA1,1204,147
AMCF-II,8,7
AMD1,92,22
AMDHD1,489,91
AMDHD2,28,2
AMELX,1,1
AMELY,1,1
AMER1,1,1
AMER2,136,42
AMER3,56,51
AMFR,282,78
AMHR2,75,28
AMH,12,2
AMIGO1,106,62
AMIGO2,49,12
AMMECR1L,30,19
AMMECR1,1,1
AMN1,239,116
AMOTL1,3606,1324
AMOTL2,109,8
AMOT,1,1
AMPD1,279,119
AMPD2,129,51
AMPD3,645,114
AMPH,2131,559
AMTN,52,37
AMT,25,14
AMY2,341,120
AMZ1,642,46
AMZ2,131,61
ANAPC10,649,328
ANAPC11,37,25
ANAPC13,40,2
ANAPC15,103,46
ANAPC16,69,30
ANAPC1,605,6
ANAPC4,1126,615
ANAPC5,244,84
ANAPC7,344,75
ANGEL1,154,13
ANGEL2,298,103
ANGPT1,1371,695
ANGPT2,324,123
ANGPT4,966,570
ANGPTL1,308,219
ANGPTL2,580,318
ANGPTL3,114,31
ANGPTL4,26,1
ANGPTL5,170,99
ANGPTL6,41,2
ANGPTL7,97,78
ANGPTL8,22,1
ANG,91,47
ANK1,5543,2881
ANK2,5512,1525
ANK3,3774,1724
ANKAR,144,114
ANKDD1A,655,83
ANKDD1B,744,456
ANKEF1,380,95
ANKFN1,2958,1041
ANKFY1,1792,653
ANKHD1,1188,8
ANKH,3569,1311
ANKIB1,463,81
ANKLE1,18,2
ANKLE2,377,234
ANKMY1,529,238
ANKMY2,211,155
ANKRA2,182,20
ANKRD10,339,117
ANKRD11,1375,616
ANKRD12,795,130
ANKRD13A,192,118
ANKRD13B,214,11
ANKRD13C,563,269
ANKRD13D,187,64
ANKRD16,669,530
ANKRD17,450,285
ANKRD1,60,30
ANKRD22,361,148
ANKRD23,23,1
ANKRD24,84,7
ANKRD27,759,444
ANKRD28,2567,1416
ANKRD29,536,192
ANKRD31,1584,1090
ANKRD33B,1079,420
ANKRD33,33,2
ANKRD34A,19,19
ANKRD34B,204,130
ANKRD34C,286,138
ANKRD35,173,147
ANKRD37,30,16
ANKRD39,34,1
ANKRD40,148,78
ANKRD42,1364,247
ANKRD44,871,558
ANKRD46,176,6
ANKRD49,141,97
ANKRD50,523,9
ANKRD52,118,22
ANKRD53,101,54
ANKRD54,223,170
ANKRD55,3827,1607
ANKRD60,186,70
ANKRD61,131,64
ANKRD63,19,3
ANKRD65,36,15
ANKRD66,295,10
ANKRD6,2022,896
ANKRD7,69,11
ANKS1A,803,427
ANKS1B,15566,2983
ANKS3,51,3
ANKS4B,253,46
ANKS6,664,395
ANKUB1,370,66
ANKZF1,41,37
ANLN,1069,459
ANO10,3498,773
ANO1,3628,1086
ANO2,7347,3406
ANO3,5443,854
ANO4,7197,1797
ANO5,700,91
ANO6,3830,1674
ANO7,19,4
ANO8,24,13
ANO9,55,25
ANOS1_1,1,1
ANOS1,1,1
ANP32A,141,86
ANP32B,194,97
ANP32E,84,53
ANPEP,138,78
ANTXR1,2998,735
ANTXR2,968,395
ANTXRL,182,103
ANXA10,1468,817
ANXA11,167,33
ANXA13,1126,435
ANXA1,130,88
ANXA2R,2,2
ANXA2,329,94
ANXA3,472,19
ANXA4,332,18
ANXA5,685,64
ANXA6,1574,693
ANXA7,137,40
ANXA8,185,91
ANXA9,164,119
AOAH,2986,778
AOC1,230,129
AOC2,64,38
AOX1,128,41
AOX2,142,92
AOX4,105,102
AP1AR,342,46
AP1B1,172,120
AP1G1,808,343
AP1G2,66,32
AP1M1,41,1
AP1M2,73,29
AP1S1,44,16
AP1S2,1,1
AP1S3,1619,873
AP2A1,75,46
AP2A2,373,164
AP2B1,1702,944
AP2M1,46,2
AP2S1,54,44
AP3B1,1522,747
AP3B2,1194,856
AP3D1,173,22
AP3M1,45,28
AP3M2,371,164
AP3S1,546,224
AP3S2,185,126
AP4B1,128,93
AP4E1,227,25
AP4M1,39,13
AP4S1,196,64
AP5B1,146,36
AP5M1,87,6
AP5S1,185,106
AP5Z1,565,281
APAF1,1280,59
APBA1,2112,1085
APBA2,993,10
APBA3,58,15
APBB1IP,2122,1324
APBB1,306,97
APBB2,7782,2856
APBB3,129,2
APC2,86,32
APCDD1L,664,154
APCDD1,343,294
APCS,20,5
APC,635,46
APEH,60,26
APELA,88,28
APEX1,30,22
APEX2,1,1
APH1A,9,8
APH1B,1430,915
API5,210,26
APIP,398,210
APITD1,84,54
APLF,894,8
APLN,1,1
APLP1,49,13
APLP2,551,245
APMAP,296,116
APOA1,18,6
APOA2,22,13
APOA4,73,15
APOA5,43,13
APOBEC1,201,106
APOBEC2,78,37
APOBEC3B,214,149
APOBEC4,47,18
APOBR,143,37
APOB,1150,649
APOC2,12,11
APOC3,48,11
APOC4,17,6
APOD,563,29
APOE,9,5
APOF,3,1
APOH,287,64
APOLD1,47,16
APOM,28,5
APOOL,1,1
APOO,1,1
APPBP2,407,227
APPL1,229,108
APPL2,526,220
APP,5813,2154
APRT,33,4
APTX,290,214
AQN-1,286,158
AQP10,59,8
AQP11,194,23
AQP1,125,36
AQP2,24,15
AQP3,37,15
AQP4,98,61
AQP5,17,2
AQP6,52,5
AQP7,256,107
AQP8,133,70
AQP9,347,23
AQR,274,10
ARAF,1,1
ARAP1,891,73
ARAP2,3112,634
ARAP3,395,8
ARCN1,205,39
ARC,39,1
AREG,74,44
AREL1,383,111
ARF1,62,39
ARF2,135,39
ARF3,126,48
ARF4,96,58
ARF5,51,2
ARF6,59,1
ARFGAP1,142,11
ARFGAP2,78,5
ARFGAP3,1320,602
ARFGEF1,382,76
ARFGEF2,1277,473
ARFGEF3,3440,1369
ARFIP1,1353,422
ARFIP2,22,11
ARFRP1,20,3
ARG1,253,58
ARG2,430,292
ARGFX,8,4
ARGLU1,178,78
ARHGAP10,4532,1802
ARHGAP11A,109,2
ARHGAP12,941,367
ARHGAP15,5249,2045
ARHGAP18,3265,1049
ARHGAP19,754,91
ARHGAP1,130,15
ARHGAP20,1273,247
ARHGAP21,1835,1272
ARHGAP22,2535,1277
ARHGAP23,1523,794
ARHGAP24,15835,6134
ARHGAP25,1375,426
ARHGAP26,7504,3693
ARHGAP27,482,121
ARHGAP28,1940,881
ARHGAP29,1520,257
ARHGAP30,149,18
ARHGAP31,656,223
ARHGAP32,2496,852
ARHGAP33,79,25
ARHGAP35,722,498
ARHGAP36,1,1
ARHGAP39,431,141
ARHGAP42,2688,1557
ARHGAP44,4115,1238
ARHGAP45,76,9
ARHGAP4,1,1
ARHGAP5,829,399
ARHGAP6,1,1
ARHGAP8,1204,441
ARHGAP9,66,3
ARHGDIA,9,6
ARHGDIB,164,142
ARHGDIG,11,2
ARHGEF10L,2497,826
ARHGEF10,1757,888
ARHGEF11,1152,380
ARHGEF12,170,97
ARHGEF15,207,117
ARHGEF16,110,61
ARHGEF17,873,119
ARHGEF18,393,8
ARHGEF19,162,24
ARHGEF1,100,30
ARHGEF25,29,4
ARHGEF26,679,116
ARHGEF28,4283,478
ARHGEF2,332,53
ARHGEF33,625,233
ARHGEF37,2051,220
ARHGEF38,2133,607
ARHGEF39,15,13
ARHGEF3,4031,1877
ARHGEF40,86,29
ARHGEF4,917,769
ARHGEF5,287,11
ARHGEF6,1,1
ARHGEF7,1201,547
ARHGEF9,1,1
ARID1A,309,111
ARID1B,5940,2456
ARID2,843,366
ARID3A,85,18
ARID3B,264,139
ARID3C,133,92
ARID4A,87,6
ARID4B,853,275
ARID5A,99,6
ARID5B,822,488
ARIH1,643,489
ARIH2OS,14,9
ARIH2,288,192
ARL10,33,8
ARL11,55,8
ARL13A,1,1
ARL13B,760,159
ARL14EPL,394,208
ARL14EP,168,89
ARL14,30,5
ARL15,4821,2593
ARL16,47,21
ARL1,268,1
ARL2BP,85,25
ARL2,270,131
ARL3,241,38
ARL4A,30,7
ARL4C,61,23
ARL4D,40,26
ARL5A,221,82
ARL5B,350,168
ARL6IP1,72,14
ARL6IP4,17,5
ARL6IP5,267,87
ARL6IP6,50,12
ARL6,218,114
ARL8A,115,66
ARL8B,295,134
ARL9,86,25
ARMC10,439,312
ARMC12,190,39
ARMC1,241,26
ARMC2,919,55
ARMC3,919,635
ARMC4,3749,2152
ARMC5,49,9
ARMC6,68,7
ARMC7,38,13
ARMC8,594,32
ARMC9,3240,410
ARMCX1,1,1
ARMCX2,1,1
ARMCX3,1,1
ARMCX4,1,1
ARMCX5,1,1
ARMT1,372,192
ARNT2,3426,1918
ARNTL2,2203,491
ARNTL,1047,563
ARNT,251,151
ARPC1A,707,324
ARPC1B,286,144
ARPC2,126,71
ARPC3,85,18
ARPC4,142,83
ARPC5L,87,48
ARPC5,102,21
ARPIN,80,51
ARPP19,83,13
ARPP21,1208,578
ARR3,1,1
ARRB1,1652,732
ARRB2,48,2
ARRDC2,17,2
ARRDC3,67,8
ARRDC4,76,33
ARRDC5,106,5
ARSA,18,8
ARSB,2059,618
ARSE,1,1
ARSG,2562,803
ARSJ,1210,473
ARSK,662,298
ART1,333,121
ART3,1393,256
ART4,227,185
ART5,90,62
ARTN,99,39
ARV1,82,47
AR,1,1
ARVCF,101,13
ARX,1,1
AS3MT,83,19
ASAH1,888,415
ASAH2,1796,1052
ASAP1,9210,2893
ASAP2,3940,407
ASAP3,565,182
ASB10,192,31
ASB11,1,1
ASB12,1,1
ASB13,412,359
ASB14,155,101
ASB15,540,4
ASB16,57,36
ASB17,89,15
ASB18,1238,640
ASB1,344,182
ASB2,1067,227
ASB3,1042,439
ASB4,1239,317
ASB5,443,237
ASB6,56,18
ASB7,122,72
ASB8,78,4
ASB9,1,1
ASCC1,1170,469
ASCC2,182,94
ASCC3,1938,1262
ASCL1,37,10
ASCL2,21,1
ASCL3,23,9
ASCL4,25,6
ASCL5,54,1
ASF1A,80,41
ASF1B,23,2
ASGR1,79,1
ASGR2,299,4
ASH1L,575,208
ASH2L,132,125
ASIC1,313,151
ASIC2,7303,2575
ASIC3,155,94
ASIC4,261,144
ASIC5,141,36
ASIP,581,160
ASL,101,81
ASNA1,24,2
ASNSD1,43,40
ASNS,141,60
ASPA,175,5
ASPDH,7,4
ASPHD1,34,11
ASPHD2,71,42
ASPH,2552,742
ASPM,1074,265
ASPN,61,1
ASPRV1,991,130
ASPSCR1,77,48
ASRGL1,484,54
ASS1,1001,619
ASTE1,377,203
ASTL,171,2
ASTN1,3384,443
ASTN2,12819,3346
ASXL1,838,439
ASXL2,1356,1185
ASXL3,1052,485
ASZ1,434,46
ATAD1,395,286
ATAD2B,787,334
ATAD2,418,167
ATAD5,1049,103
ATAT1,86,40
ATCAY,129,28
ATE1,3918,1530
ATF1,663,273
ATF2,363,223
ATF3,744,228
ATF4,40,19
ATF5,17,6
ATF6B,223,66
ATF6,1309,170
ATF7IP2,325,157
ATF7IP,288,205
ATF7,431,110
ATG101,109,11
ATG10,941,168
ATG12,124,29
ATG13,497,98
ATG14,271,37
ATG16L1,757,98
ATG16L2,197,5
ATG2A,325,141
ATG2B,1466,274
ATG3,238,54
ATG4A,1,1
ATG4B,217,156
ATG4C,1977,687
ATG4D,29,2
ATG5,766,424
ATG7,2436,1536
ATG9A,65,52
ATG9B,93,57
ATIC,355,46
ATL1,400,63
ATL2,409,321
ATL3,532,49
ATMIN,61,8
ATM,536,177
ATN1,92,4
ATOH1,40,10
ATOH7,20,4
ATOH8,471,122
ATOX1,443,107
ATP10A,1481,102
ATP10B,4488,2967
ATP10D,2309,1265
ATP11A,2125,709
ATP11B,602,253
ATP11C,1,1
ATP12A,282,21
ATP13A1,33,1
ATP13A2,149,20
ATP13A3,387,39
ATP13A4,1835,70
ATP13A5,1240,67
ATP1A1,505,276
ATP1A2,290,227
ATP1A3,78,22
ATP1B1,106,49
ATP1B2,102,6
ATP1B3,169,55
ATP1B4,1,1
ATP23,1421,110
ATP2A1,448,198
ATP2A2,507,218
ATP2A3,420,10
ATP2B1,1734,449
ATP2B2,3349,1445
ATP2B3,1,1
ATP2B4,1172,290
ATP2C1,1715,902
ATP2C2,3320,1085
ATP4A,481,77
ATP4B,60,15
ATP5A1,265,59
ATP5B,22,18
ATP5C1,325,197
ATP5D,6,1
ATP5E,173,71
ATP5F1,169,99
ATP5G1,54,33
ATP5G2,137,25
ATP5G3,12,6
ATP5H,10,8
ATP5I,11,6
ATP5J2,107,34
ATP5J,149,72
ATP5L,51,16
ATP5O,310,96
ATP5SL,581,194
ATP5S,15,6
ATP6AP1L,324,44
ATP6AP1,1,1
ATP6AP2,1,1
ATP6V0A1,625,316
ATP6V0A2,309,83
ATP6V0A4,2277,1544
ATP6V0B,81,41
ATP6V0C,23,2
ATP6V0D1,296,102
ATP6V0D2,446,10
ATP6V0E1,185,119
ATP6V1A,284,130
ATP6V1B1,567,125
ATP6V1B2,624,199
ATP6V1C1,504,167
ATP6V1C2,967,462
ATP6V1D,93,74
ATP6V1E1,99,54
ATP6V1E2,1050,438
ATP6V1F,51,7
ATP6V1G1,64,32
ATP6V1G2,21,4
ATP6V1G3,494,73
ATP6V1H,482,114
ATP7A,1,1
ATP7B,1210,403
ATP8A1,5079,2123
ATP8B1,1283,355
ATP8B2,132,52
ATP8B3,118,32
ATP8B4,1575,279
ATP9A,2417,1033
ATP9B,963,73
ATPAF1,409,213
ATPAF2,341,77
ATPIF1,8,3
ATRAID,35,27
ATRIP,167,117
ATRNL1,11135,2598
ATRN,1920,1289
ATR,605,247
ATRX,1,1
ATXN10,4387,1867
ATXN1L,74,8
ATXN1,7062,2890
ATXN2L,153,46
ATXN2,236,24
ATXN3,733,428
ATXN7L1,4920,2025
ATXN7L2,78,52
ATXN7L3B,17,6
ATXN7L3,34,29
ATXN7,963,75
AUH,1523,323
AUNIP,241,17
AUP1,6,3
AURKAIP1,19,9
AURKA,358,50
AURKB,179,87
AURKC,2,2
AUTS2,10977,6849
AVEN,2444,874
AVIL,149,7
AVL9,1058,571
AVPI1,71,2
AVPR1A,143,15
AVPR1B,198,40
AVPR2,1,1
AVP,38,28
AWAT1,1,1
AWAT2,1,1
AWN,231,93
AXDND1,1345,603
AXIN1,119,14
AXIN2,488,208
AXL,118,23
AZGP1,165,54
AZI2,288,145
AZIN1,306,142
AZIN2,676,212
AZU1,25,8
B2M_1,26,9
B2M,5,1
B3GALNT1,280,77
B3GALNT2,828,75
B3GALT1,3307,1406
B3GALT2,84,23
B3GALT4,16,7
B3GALT5,249,161
B3GALT6,4,2
B3GAT1,121,15
B3GAT2,1551,577
B3GAT3,58,9
B3GLCT,1563,508
B3GNT2,268,131
B3GNT3,57,8
B3GNT4,36,19
B3GNT5,90,4
B3GNT6,256,57
B3GNT7,64,7
B3GNT8,8,4
B3GNT9,20,2
B3GNTL1,474,351
B4GALNT1,38,5
B4GALNT2,1188,446
B4GALNT3,680,497
B4GALNT4,21,12
B4GALT1,307,63
B4GALT2,129,64
B4GALT3,55,20
B4GALT4,323,232
B4GALT5,1121,156
B4GALT6,647,122
B4GALT7,29,1
B4GAT1,18,1
B9D1,127,101
B9D2,44,23
BAALC,1747,784
BABAM1,22,6
BABAM2,7186,4716
BACE1,366,89
BACE2,2629,192
BACH1,570,67
BACH2,3469,1486
BAD,156,16
BAG1,126,11
BAG2,164,58
BAG3,320,161
BAG4,246,219
BAG6,79,17
BAHCC1,458,313
BAHD1,70,15
BAIAP2L1,2586,939
BAIAP2L2,297,208
BAIAP2,554,187
BAIAP3,20,1
BAK1,29,17
BAMBI,81,48
BANF1,39,1
BANF2,699,449
BANK1,4441,2445
BANP,1406,699
BAP1,34,22
BARD1,1091,249
BARHL1,88,47
BARHL2,58,17
BARX1,4,2
BARX2,1170,336
BASP1,849,325
BATF2,232,63
BATF3,175,96
BATF,120,17
BAX,8,6
BAZ1A,353,179
BAZ1B,663,225
BAZ2A,166,98
BAZ2B,598,220
BBC3,22,11
BBIP1,102,72
BBOF1,74,24
BBOX1,730,154
BBS10,16,15
BBS12,980,120
BBS1,494,90
BBS2,235,108
BBS4,353,93
BBS5,114,78
BBS9,6624,725
BBX,2278,1696
BCAM,36,19
BCAN,235,50
BCAP29,175,69
BCAP31,1,1
BCAR1,581,243
BCAR3,6011,1756
BCAS1,2616,866
BCAS2,109,20
BCAS3,4677,2684
BCAS4,1396,601
BCAT1,1154,512
BCAT2,70,26
BCCIP,302,33
BCDIN3D,59,15
BCHE,238,181
BCKDHA,35,11
BCKDHB,1666,647
BCKDK,65,49
BCL10,31,15
BCL11A,401,95
BCL11B,970,316
BCL2A1,184,94
BCL2L10,127,26
BCL2L11,133,13
BCL2L12,30,25
BCL2L13,379,35
BCL2L14,204,163
BCL2L15,125,25
BCL2L1,246,95
BCL2,955,46
BCL3,27,12
BCL6B,27,7
BCL6,70,2
BCL7A,230,113
BCL7B,204,22
BCL7C,130,22
BCL9L,104,37
BCL9,766,427
BCLAF1,141,28
BCO1,1111,403
BCO2,728,148
BCORL1,1,1
BCOR,1,1
BCR,546,412
BCS1L,55,15
BDH1,539,21
BDH2,612,208
BDKRB1,38,2
BDKRB2,1000,148
BDNF,278,61
BDP1,1046,564
BEAN1,440,34
BECN1,197,50
BECN2,69,21
BEGAIN,625,137
BEND2,1,1
BEND3,306,20
BEND4,632,116
BEND5,817,284
BEND6,671,254
BEND7,1652,709
BEST1,294,172
BEST2,20,8
BEST3,513,152
BEST4,118,65
BET1L,13,5
BET1,52,21
BEX1,1,1
BEX3,1,1
BEX4,1,1
BEX5,1,1
BFAR,453,183
BFSP1,734,503
BFSP2,531,4
BGLAP,6,4
BGN,1,1
BHLHA15,66,26
BHLHA9,74,23
BHLHB9,1,1
BHLHE22,11,7
BHLHE23,151,20
BHLHE40,36,21
BHLHE41,4,1
BHMG1,74,14
BHMT2,188,44
BHMT,302,52
BICC1,2581,1002
BICD1,2234,2051
BICD2,114,3
BICDL1,510,328
BICDL2,13,1
BICRAL,471,152
BICRA,431,159
BID,100,27
BIN1,620,321
BIN3,804,324
BIRC3,82,55
BIRC5,141,95
BIRC6,2494,1318
BIRC7,52,2
BIVM,739,448
BLCAP,149,67
BLK,1044,385
BLMH,609,14
BLM,640,339
BLNK,416,123
BLVRA,1138,258
BLVRB,39,6
BLZF1,437,302
BMF,71,49
BMI1,51,40
BMP10,89,43
BMP15,1,1
BMP1,689,149
BMP2K,649,293
BMP2,105,58
BMP3,326,120
BMP4,24,15
BMP5,1536,462
BMP6,4154,1483
BMP7,1835,770
BMP8A,857,731
BMP8B,595,408
BMPER,2437,228
BMPR1A,793,557
BMPR1B,10575,5523
BMPR2,493,379
BMS1,333,146
BMT2,723,138
BMX,1,1
BNC1,278,122
BNC2,1972,249
BNIP1,66,11
BNIP2,549,256
BNIP3L,370,132
BNIP3,162,53
BNIPL,63,52
BOC,1081,590
BOD1L1,736,204
BOD1,30,17
BOK,63,10
BOLA1,14,7
BOLA2B,98,49
BOLA3,118,37
BOLL,25,5
BOP1,124,35
BORA,202,136
BORCS5,1392,780
BORCS6,162,65
BORCS8,23,3
BPGM,352,142
BPHL,383,43
BPIFA1,142,100
BPIFA2,216,147
BPIFA3,185,141
BPIFB1,338,164
BPIFB2,440,349
BPIFB3,328,195
BPIFB4,587,423
BPIFB5,385,153
BPIFB6,291,118
BPIFC,887,124
BPI,691,303
BPNT1,466,313
BPTF,1200,691
BRAF,1329,243
BRAP,173,9
BRAT1,193,26
BRCA1,526,404
BRCA2,965,403
BRCC3,1,1
BRD1,223,119
BRD2,693,243
BRD4,269,13
BRD7,358,130
BRD8,188,60
BRD9,134,88
BRDT,844,361
BRF2,25,20
BRI3BP,189,78
BRI3,185,66
BRICD5,6,1
BRINP1,2867,1068
BRINP2,1463,115
BRINP3,9749,3162
BRIP1,1244,44
BRIX1,120,82
BRK1,60,24
BRMS1L,256,147
BRMS1,82,8
BROX,565,198
BRPF1,74,43
BRPF3,129,22
BRS3,1,1
BRSK1,98,66
BRSK2,485,298
BRWD1,159,64
BRWD3,1,1
BSCL2,251,44
BSDC1,205,68
BSG,25,1
BSND,173,92
BSN,409,169
BSP1,9,1
BSPH1,37,11
BSPRY,755,274
BST1,789,231
BST2,16,1
BSX,185,58
BTAF1,598,284
BTBD10,742,434
BTBD11,6694,1983
BTBD16,1689,769
BTBD17,118,75
BTBD18,160,50
BTBD19,87,53
BTBD1,655,450
BTBD2,82,23
BTBD3,230,119
BTBD7,502,28
BTBD9,3109,1757
BTC,269,106
BTD,1220,405
BTF3L4,56,10
BTF3,72,12
BTG1,23,9
BTG2,15,5
BTG3,81,15
BTG4,380,10
BTK,1,1
BTLA,249,103
BTN1A1,98,34
BTN2A2,306,96
BTNL10,35,7
BTNL2,365,220
BTNL9,77,22
BTRC,772,284
BUB1B,212,160
BUB1,267,4
BUB3,140,53
BUD13,311,117
BUD23,142,8
BUD31,127,59
BVES,437,235
BYSL,206,119
BZW1,3,1
BZW2,367,238
C10H10orf113,55,35
C10H10orf67,1957,1311
C10H1orf100,485,125
C10H1orf106,289,84
C10H1orf115,266,47
C10H1orf53,73,41
C10H9orf153,155,89
C10H9orf24,37,22
C10H9orf3,3543,1405
C10H9orf64,88,43
C10H9orf72,213,29
C12H17orf100,643,20
C12H17orf105,83,24
C12H17orf47,11,3
C12H17orf49,23,6
C12H17orf50,81,28
C12H17orf53,356,186
C12H17orf58,17,12
C12H17orf62,63,44
C12H17orf64,98,73
C12H17orf67,405,295
C12H17orf74,23,10
C12H17orf75,237,28
C12H17orf78,154,81
C12H17orf80,363,98
C12H17orf82,19,16
C12H17orf97,74,10
C12H17orf98,29,23
C13H21orf140,77,22
C13H21orf2,141,2
C13H21orf33,167,7
C13H21orf59,380,159
C13H21orf62,425,141
C13H21orf91,200,97
C13H3orf14,118,29
C13H3orf18,59,35
C13H3orf20,967,450
C13H3orf30,21,13
C13H3orf33,39,2
C13H3orf35,172,60
C13H3orf38,63,52
C13H3orf52,484,284
C13H3orf56,51,21
C13H3orf58,63,8
C13H3orf62,41,9
C13H3orf67,2769,668
C13H3orf70,676,161
C13H3orf80,22,6
C13H3orf84,78,14
C13H7orf73,7,6
C14H10orf105,144,88
C14H10orf107,688,247
C14H10orf10,13,6
C14H10orf120,55,23
C14H10orf128,371,208
C14H10orf35,1337,908
C14H10orf53,149,75
C14H10orf62,20,10
C14H10orf71,463,237
C14H10orf76,1211,397
C14H10orf90,5171,1996
C14H10orf99,179,40
C14H12orf43,63,23
C14H12orf49,2190,1262
C14H12orf65,125,47
C14H1orf131,193,127
C14H1orf198,399,223
C14H22orf15,4,3
C14H22orf31,70,40
C14H22orf39,18,15
C14H5orf52,13,9
C14H8orf74,621,243
C15H2orf54,36,12
C15H2orf66,5,4
C15H2orf72,186,6
C15H2orf76,748,119
C15H2orf80,445,264
C15H2orf82,154,31
C15H2orf88,934,549
C15H4orf47,1004,720
C16H5orf22,173,1
C16H5orf34,362,100
C16H5orf38,29,19
C16H5orf42,1894,891
C16H5orf47,36,12
C16H5orf49,381,67
C16H5orf51,45,5
C16H5orf58,92,51
C17H20orf141,17,12
C17H20orf173,32,17
C17H20orf194,1044,750
C17H20orf196,1150,548
C17H20orf202,167,76
C17H20orf24,96,44
C17H20orf27,195,117
C17H20orf85,303,71
C17H20orf96,463,178
C17H8orf48,41,15
C17H8orf4,27,13
C18H7orf25,50,18
C18H7orf31,960,36
C18H7orf34,76,35
C18H7orf49,117,55
C18H7orf57,665,159
C18H7orf71,43,2
C1D,252,82
C1GALT1C1L,42,18
C1GALT1C1,1,1
C1GALT1,66,18
C1H14orf105,242,26
C1H14orf166,45,30
C1H14orf28,19,1
C1H14orf37,628,187
C1H14orf39,607,11
C1H15orf41,739,237
C1H15orf48,21,2
C1H15orf52,30,9
C1H15orf57,49,31
C1H15orf61,18,13
C1H15orf62,23,15
C1H15orf65,28,6
C1H18orf25,277,38
C1H18orf32,126,10
C1H18orf54,217,9
C1H18orf63,331,262
C1H6orf118,478,271
C1H6orf120,10,4
C1H6orf163,211,174
C1H6orf183,2079,479
C1H6orf203,108,20
C1H9orf131,29,24
C1H9orf135,2443,903
C1H9orf152,180,67
C1H9orf16,54,3
C1H9orf40,29,24
C1H9orf43,72,21
C1H9orf50,287,110
C1H9orf57,178,89
C1H9orf66,5,3
C1H9orf78,287,122
C1H9orf84,1280,812
C1H9orf85,581,301
C1QA,57,29
C1QBP,107,62
C1QB,68,22
C1QC,68,48
C1QL1,58,23
C1QL2,22,4
C1QL3,118,19
C1QL4,47,23
C1QTNF12,37,23
C1QTNF1,226,183
C1QTNF2,316,270
C1QTNF3,710,108
C1QTNF4,68,15
C1QTNF5,16,8
C1QTNF6,95,65
C1QTNF7,2010,714
C1QTNF8,5,1
C1RL,381,81
C1R,146,6
C1S,144,4
C2CD2L,47,33
C2CD2,1365,872
C2CD3,2623,992
C2CD4B,39,11
C2CD4C,17,7
C2CD4D,29,17
C2CD5,185,113
C2CD6,192,31
C2H11orf24,134,17
C2H11orf49,1488,217
C2H11orf58,124,56
C2H11orf68,27,1
C2H11orf74,1186,268
C2H11orf80,933,267
C2H11orf84,153,46
C2H11orf86,52,7
C2H11orf91,42,18
C2H11orf94,26,11
C2H11orf95,38,6
C2H11orf96,32,9
C2H11orf98,118,35
C2H19orf24,12,1
C2H19orf25,17,3
C2H19orf35,28,3
C2H19orf38,46,1
C2H19orf43,6,2
C2H19orf44,126,13
C2H19orf53,39,20
C2H19orf57,145,4
C2H19orf60,17,3
C2H19orf66,13,1
C2H19orf67,7,2
C2H19orf70,4,1
C2H19orf71,24,4
C2H1orf35,13,7
C2H5orf15,78,30
C2H5orf24,68,39
C2H5orf30,86,21
C2H5orf46,201,2
C2H5orf63,304,152
C2,129,11
C3AR1,98,61
C3H16orf45,1877,1023
C3H16orf52,620,120
C3H16orf54,49,20
C3H16orf58,343,93
C3H16orf59,11,1
C3H16orf62,1902,592
C3H16orf71,37,2
C3H16orf72,127,96
C3H16orf82,61,33
C3H16orf89,93,5
C3H16orf90,30,1
C3H16orf91,6,1
C3H16orf92,19,1
C3H16orf96,91,1
C3H2orf16,38,28
C3H2orf40,153,51
C3H2orf42,39,11
C3H2orf49,36,29
C3H2orf50,160,38
C3H2orf68,77,13
C3H2orf70,355,238
C3H2orf71,204,75
C3H2orf73,346,43
C3H2orf74,250,82
C3H2orf78,52,18
C3H2orf81,23,6
C3H2orf91,112,100
C3H7orf26,478,143
C3H7orf43,42,19
C3H7orf50,1626,175
C3,216,1
C4A,135,8
C4BPA_1,177,61
C4BPA,626,170
C4BPB,142,32
C4H1orf112,534,190
C4H1orf146,670,192
C4H1orf162,177,61
C4H1orf189,30,17
C4H1orf194,205,112
C4H1orf226,4077,1459
C4H1orf43,31,29
C4H1orf52,128,76
C4H1orf54,32,18
C4H1orf56,10,6
C4H1orf68,11,11
C4H8orf33,133,33
C4H8orf34,1734,41
C4H8orf37,280,63
C4H8orf46,158,114
C4H8orf59,66,1
C4H8orf76,541,361
C4H8orf82,13,5
C4H8orf88,380,206
C4H8orf89,361,208
C5AR1,96,62
C5AR2,42,16
C5H12orf10,83,9
C5H12orf29,321,9
C5H12orf40,1114,180
C5H12orf45,409,10
C5H12orf4,878,555
C5H12orf50,760,138
C5H12orf54,216,13
C5H12orf56,1613,305
C5H12orf57,15,1
C5H12orf60,7,6
C5H12orf66,239,89
C5H12orf71,71,24
C5H12orf73,143,39
C5H12orf75,660,148
C5H22orf23,146,121
C5H22orf46,142,67
C5,1267,703
C6H16orf46,285,58
C6H16orf70,243,10
C6H16orf74,1739,391
C6H16orf78,487,267
C6H16orf86,19,3
C6H16orf95,247,99
C6H18orf21,77,18
C6H18orf8,224,151
C6H19orf12,218,12
C6H19orf18,53,36
C6H19orf33,20,1
C6H19orf47,80,8
C6H19orf54,43,5
C6H19orf68,42,29
C6H19orf81,4,3
C6H19orf84,27,14
C6H1orf109,46,7
C6H1orf122,16,11
C6H1orf123,142,88
C6H1orf141,3241,1041
C6H1orf158,190,4
C6H1orf168,1586,277
C6H1orf174,29,21
C6H1orf185,1717,517
C6H1orf210,46,37
C6H1orf216,40,17
C6H1orf228,1357,782
C6H1orf50,295,136
C6H1orf64,35,1
C6H1orf87,1059,493
C6H1orf94,480,176
C6,876,167
C7H14orf119,16,2
C7H14orf132,1481,475
C7H14orf159,1981,710
C7H14orf1,112,34
C7H14orf53,20,12
C7H14orf93,184,39
C7H15orf32,77,8
C7H15orf39,43,6
C7H15orf40,102,51
C7H15orf59,197,46
C7H6orf106,707,125
C7H6orf10,42,7
C7H6orf125,230,70
C7H6orf132,426,74
C7H6orf136,25,8
C7H6orf15,27,5
C7H6orf222,48,15
C7H6orf223,70,24
C7H6orf226,21,6
C7H6orf229,110,7
C7H6orf47,8,1
C7H6orf52,201,121
C7H6orf62,210,8
C7H6orf89,245,120
C7,645,35
C8A,1440,453
C8B,983,244
C8H4orf17,5576,1244
C8H4orf19,2060,558
C8H4orf22,5558,3528
C8H4orf26,148,56
C8H4orf32,275,27
C8H4orf33,776,70
C8H4orf36,1452,675
C8H4orf46,13,5
C8H4orf48,34,17
C8H4orf50,2138,590
C9H11orf1,122,5
C9H11orf42,84,24
C9H11orf52,94,2
C9H11orf53,608,156
C9H11orf54,354,235
C9H11orf57,74,8
C9H11orf63,459,142
C9H11orf65,701,197
C9H11orf70,359,206
C9H11orf71,29,10
C9H11orf87,7190,1299
C9H11orf88,182,5
C9H11orf97,436,292
C9H1orf105,213,16
C9H1orf116,176,42
C9H1orf186,470,93
C9H1orf21,3680,1650
C9H1orf27,2009,613
C9H1orf74,826,495
C9H7orf72,610,264
C9,821,187
CA10,6863,3433
CA11,11,6
CA12,334,224
CA14,44,40
CA3,83,2
CA4,100,81
CA5A,1079,553
CA5B,1,1
CA6,332,150
CA7,141,51
CA8,2040,1097
CA9,70,53
CAAP1,208,17
CAB39L,1785,208
CAB39,1421,189
CABIN1,315,160
CABLES1,997,527
CABLES2,126,29
CABP1,105,31
CABP2,87,10
CABP4,175,98
CABP5,68,24
CABP7,49,33
CABS1,9,6
CABYR,304,117
CACFD1,419,170
CACHD1,4465,1447
CACNA1A,1566,132
CACNA1C,3439,1982
CACNA1D,3767,1611
CACNA1E,7114,3939
CACNA1F,1,1
CACNA1G,738,392
CACNA1H,114,5
CACNA1I,2077,955
CACNA1S,1554,651
CACNA2D1,3683,1887
CACNA2D2,618,250
CACNA2D3,7902,1683
CACNA2D4,638,344
CACNB1,236,68
CACNB2,12797,4359
CACNB3,191,61
CACNB4,630,227
CACNG1,346,123
CACNG2,1611,744
CACNG3,865,404
CACNG4,1284,488
CACNG5,742,233
CACNG6,79,10
CACNG7,75,47
CACTIN,56,1
CACUL1,823,209
CACYBP,113,72
CADM1,4531,1546
CADM2,5625,3159
CADM3,193,52
CADM4,29,4
CADPS2,7952,325
CADPS,3994,773
CAD,429,153
CAGE1,1207,359
CALB1,103,40
CALB2,546,184
CALCB_1,292,218
CALCB,47,29
CALCOCO1,306,183
CALCOCO2,542,175
CALCRL,386,371
CALCR,528,100
CALD1,2637,1303
CALHM3,42,5
CALM1,43,20
CALM2,145,15
CALM3,19,6
CALML4,106,46
CALML5,48,29
CALML6,29,6
CALN1,8627,1720
CALR3,117,20
CALR,13,6
CALU,305,173
CALY,36,5
CAMK1D,10332,4900
CAMK1G,661,314
CAMK1,58,35
CAMK2A,1100,322
CAMK2B,1580,805
CAMK2D,3075,917
CAMK2G,389,281
CAMK2N1,8,3
CAMK2N2,11,3
CAMK4,2243,447
CAMKK1,385,33
CAMKK2,491,147
CAMKMT,3277,1689
CAMKV,28,12
CAMLG,178,87
CAMSAP2,1079,34
CAMSAP3,44,2
CAMTA1,7421,2550
CAMTA2,154,73
CAND1,49,18
CAND2,121,78
CANT1,182,138
CANX,169,26
CAP1,252,187
CAP2,2361,759
CAPG,333,209
CAPN10,86,15
CAPN11,47,4
CAPN12,69,7
CAPN13,1332,553
CAPN14,680,276
CAPN15,39,2
CAPN1,673,273
CAPN2,878,306
CAPN3,382,119
CAPN5,1758,406
CAPN6,1,1
CAPN7,1144,250
CAPN8,2091,430
CAPN9,896,373
CAPNS1,71,20
CAPNS2,43,37
CAPRIN1,548,51
CAPRIN2,220,129
CAPS2,274,217
CAPSL,160,64
CAPS,9,5
CAPZA1,235,143
CAPZA2,292,23
CAPZA3,29,25
CAPZB,1087,465
CARD10,485,209
CARD11,3153,1445
CARD14,211,146
CARD19,92,72
CARD6,78,1
CARF,643,580
CARHSP1,177,86
CARM1,145,1
CARMIL1,7050,3801
CARMIL2,84,12
CARMIL3,53,24
CARNMT1,73,56
CARNS1,48,37
CARS2,591,299
CARS,857,483
CARTPT,61,33
CASC1,561,217
CASC3,129,56
CASC4,527,8
CASD1,303,133
CASKIN1,23,1
CASKIN2,8,2
CASK,1,1
CASP10,11,2
CASP14,62,3
CASP1,104,22
CASP2,473,255
CASP3,170,137
CASP6,359,126
CASP7,472,247
CASP8AP2,333,67
CASP8,7,1
CASP9,275,222
CASQ1,94,59
CASQ2,1233,624
CASR,760,602
CASS4,731,150
CASTOR1,19,14
CASTOR2,1319,549
CAST,1779,711
CASZ1,867,389
CATIP,113,45
CATSPER1,112,3
CATSPER2,76,5
CATSPER3,668,393
CATSPER4,261,33
CATSPERB,1919,968
CATSPERD,631,25
CATSPERE,1624,580
CATSPERG,194,25
CATSPERZ,53,11
CAT,981,619
CAV1,275,97
CAV2,63,29
CAV3,172,48
CAVIN1,129,58
CAVIN2,36,13
CAVIN3,38,24
CAVIN4,61,50
CBARP,17,2
CBFA2T2,796,222
CBFA2T3,1340,649
CBFB,355,40
CBLB,1439,704
CBLC,63,32
CBLL1,59,6
CBLN1,13,2
CBLN2,57,7
CBLN3,32,2
CBLN4,97,55
CBL,443,141
CBR1,22,14
CBR2,22,16
CBR3,133,1
CBR4,573,11
CBS,285,10
CBX1,252,154
CBX2,46,30
CBX3,47,2
CBX4,21,9
CBX5,94,36
CBX6,95,53
CBX7,303,163
CBX8,12,12
CBY1,194,72
CBY3,14,2
CC2D1A,172,4
CC2D1B,87,35
CC2D2A,3592,898
CC2D2B,706,205
CCAR1,246,174
CCAR2,105,20
CCBE1,2522,1446
CCDC102A,417,218
CCDC102B,593,265
CCDC103,84,17
CCDC105,77,5
CCDC106,25,11
CCDC107,24,20
CCDC110,72,51
CCDC112,458,177
CCDC113,701,382
CCDC114,124,64
CCDC115,73,69
CCDC117,64,44
CCDC120,1,1
CCDC121,70,59
CCDC122,340,121
CCDC124,20,1
CCDC125,509,322
CCDC126,226,164
CCDC127,55,42
CCDC129,4278,495
CCDC12,636,289
CCDC130,104,32
CCDC134,213,63
CCDC136,238,5
CCDC137,61,30
CCDC138,209,1
CCDC13,512,373
CCDC141,1000,816
CCDC142,60,5
CCDC146,1307,606
CCDC148,2183,1697
CCDC149,2681,1448
CCDC14,286,180
CCDC150,746,703
CCDC151,17,2
CCDC152,1040,357
CCDC153,72,59
CCDC154,22,2
CCDC155,32,13
CCDC157,59,44
CCDC158,1292,683
CCDC159,22,3
CCDC15,133,22
CCDC160,1,1
CCDC166,15,3
CCDC167,93,9
CCDC168,434,195
CCDC169,1,1
CCDC170,2017,1096
CCDC171,1258,87
CCDC172,897,209
CCDC173,110,68
CCDC175,557,194
CCDC177,32,9
CCDC178,2773,1383
CCDC179,273,6
CCDC17,64,26
CCDC180,1035,668
CCDC181,191,148
CCDC182,56,5
CCDC184,18,1
CCDC185,29,13
CCDC186,381,10
CCDC188,7,5
CCDC189,36,1
CCDC18,2630,1093
CCDC190,86,67
CCDC191,818,330
CCDC22,1,1
CCDC24,62,47
CCDC25,690,299
CCDC27,57,49
CCDC28A,370,40
CCDC28B,55,16
CCDC30,1893,1104
CCDC33,304,160
CCDC34,352,28
CCDC36,190,37
CCDC38,924,267
CCDC39,448,54
CCDC40,434,235
CCDC42,359,191
CCDC43,66,24
CCDC47,95,24
CCDC50,504,244
CCDC51,85,40
CCDC54,23,17
CCDC57,452,263
CCDC58,290,216
CCDC59,162,9
CCDC60,2299,1292
CCDC61,84,43
CCDC62,345,129
CCDC63,1170,188
CCDC65,146,72
CCDC66,348,119
CCDC68,466,221
CCDC69,1204,206
CCDC6,658,437
CCDC70,33,9
CCDC71L,21,7
CCDC71,39,22
CCDC73,1834,26
CCDC74B,11,6
CCDC77,119,74
CCDC78,4,1
CCDC7,6645,2649
CCDC80,382,150
CCDC81,644,148
CCDC82,136,48
CCDC83,742,391
CCDC84,70,40
CCDC85A,4561,1136
CCDC85B,11,4
CCDC85C,1435,696
CCDC86,169,35
CCDC87,82,41
CCDC88A,520,192
CCDC88B,282,73
CCDC88C,2431,1304
CCDC89,87,21
CCDC8,12,3
CCDC90B,471,27
CCDC91,1656,1136
CCDC92,74,11
CCDC93,1439,164
CCDC94,80,4
CCDC96,46,14
CCDC97,26,13
CCDC9,81,32
CCER1,67,33
CCER2,46,20
CCHCR1,225,61
CCIN,54,54
CCKAR,250,119
CCKBR,192,118
CCK,86,17
CCL11,84,17
CCL14,78,37
CCL16,85,48
CCL17,480,265
CCL19,21,17
CCL1,130,41
CCL20,72,37
CCL21,4,2
CCL22,60,19
CCL24,221,7
CCL25,123,22
CCL26,71,8
CCL27,12,7
CCL28,249,63
CCL2,42,7
CCL3L1,41,22
CCL4,47,25
CCL5,107,44
CCL8,66,12
CCM2L,285,123
CCM2,1097,397
CCNA1,150,43
CCNA2,40,7
CCNB1IP1,215,150
CCNB1,101,49
CCNB2,355,245
CCNB3,1,1
CCNC,148,101
CCND1,162,19
CCND2,131,90
CCND3,738,121
CCNDBP1,172,3
CCNE1,90,5
CCNE2,155,74
CCNF,42,2
CCNG1,33,18
CCNG2,52,20
CCNH,148,5
CCNI2,30,11
CCNI,283,71
CCNJL,946,731
CCNJ,100,59
CCNK,161,91
CCNL1,37,3
CCNL2,36,10
CCNO,43,1
CCNT1,439,151
CCNT2,278,14
CCNYL1,50,31
CCNY,2205,1709
CCP110,238,5
CCPG1,76,17
CCR10,12,5
CCR1,79,18
CCR2,74,23
CCR3,419,149
CCR4,32,16
CCR5,79,29
CCR6,338,118
CCR7,187,100
CCR8,291,128
CCR9,167,54
CCRL2,119,22
CCSAP,212,90
CCSER1,26053,12355
CCSER2,636,404
CCS,251,72
CCT2,134,93
CCT3,119,53
CCT4,106,11
CCT5,312,131
CCT6A,204,111
CCT6B,509,149
CCT7,56,18
CCT8L2,41,12
CCT8,372,111
CCZ1,1054,480
CD101,681,442
CD109,935,440
CD1.1,47,24
CD14,28,1
CD151,28,21
CD160,66,38
CD163L1,533,315
CD163,399,135
CD164L2,37,23
CD164,31,11
CD177,56,35
CD180,129,23
CD19,113,51
CD1D,92,43
CD1E,33,23
CD200R1L,373,247
CD200R1,165,83
CD200,143,76
CD207,99,29
CD209,12,5
CD226,526,192
CD22,84,41
CD244,286,13
CD247,395,242
CD248,31,7
CD274,1605,522
CD276,219,68
CD27,7,1
CD28,199,90
CD2AP,1039,588
CD2BP2,49,20
CD2,73,34
CD300A,405,54
CD300C,117,33
CD300LB,198,17
CD300LF,255,15
CD300LG,265,131
CD302,188,82
CD320,47,2
CD34,506,312
CD36,449,240
CD37,23,15
CD38,1587,493
CD3D,32,28
CD3EAP,17,2
CD3E,198,60
CD3G,63,54
CD40LG,1,1
CD40,190,48
CD44,1660,1015
CD46,822,262
CD47,218,140
CD48,54,19
CD4,260,33
CD52,35,11
CD53,354,144
CD55,227,79
CD58,712,440
CD59,396,94
CD5L,230,123
CD5,613,272
CD63,29,9
CD68,8,1
CD69,61,50
CD6,1125,372
CD70,8,1
CD72,95,72
CD74,82,23
CD79A,15,13
CD79B,47,12
CD7,63,27
CD80,369,270
CD81,219,6
CD82,886,209
CD83,623,342
CD84,298,198
CD86,410,239
CD8A,358,124
CD8B,361,186
CD93,172,56
CD96,868,454
CD99L2,1,1
CD99,1,1
CD9,628,185
CDADC1,354,20
CDAN1,34,6
CDA,409,134
CDC123,1075,476
CDC14A,2591,889
CDC14B,1598,159
CDC16,105,6
CDC20B,873,260
CDC20,64,54
CDC23,362,18
CDC25B,205,147
CDC25C,202,17
CDC26,118,35
CDC27,370,316
CDC34,33,2
CDC37L1,108,89
CDC37,15,1
CDC40,317,26
CDC42BPA,2641,1040
CDC42BPG,281,109
CDC42EP1,142,98
CDC42EP2,155,65
CDC42EP3,164,85
CDC42EP4,430,226
CDC42EP5,11,6
CDC42SE1,44,25
CDC42SE2,899,643
CDC42,540,179
CDC45,57,38
CDC5L,121,102
CDC6,199,104
CDC73,1664,703
CDC7,443,243
CDCA2,950,357
CDCA3,17,3
CDCA5,143,88
CDCA7L,502,109
CDCA7,411,282
CDCA8,42,14
CDCP1,601,144
CDCP2,167,81
CDH10,3331,660
CDH11,2048,483
CDH12,18468,5228
CDH13,19224,9027
CDH15,223,66
CDH16,102,16
CDH17,876,326
CDH18,17097,4175
CDH19,291,24
CDH1,1412,708
CDH20,1229,567
CDH22,2284,995
CDH23,5186,3133
CDH24,21,17
CDH2,1778,873
CDH3,761,480
CDH4,7337,1443
CDH5,605,274
CDH6,1479,469
CDH7,876,19
CDH8,12133,3866
CDH9,842,150
CDHR1,269,83
CDHR2,285,17
CDHR3,1013,355
CDHR4,16,13
CDHR5,35,18
CDIP1,45,1
CDIPT,176,105
CDK10,75,38
CDK11B,68,39
CDK12,396,256
CDK13,1048,428
CDK14,6213,1605
CDK15,63,19
CDK16,1,1
CDK17,1211,231
CDK18,414,65
CDK19,1589,577
CDK1,225,159
CDK20,343,17
CDK2AP1,39,16
CDK2AP2,23,17
CDK2,10,7
CDK3,58,25
CDK4,17,5
CDK5R1,971,428
CDK5R2,20,14
CDK5RAP1,358,264
CDK5RAP2,3048,831
CDK5RAP3,193,100
CDK5,69,47
CDK6,1245,301
CDK7,181,92
CDK8,1822,370
CDK9,30,4
CDKAL1,9401,5024
CDKL1,144,41
CDKL2,384,156
CDKL3,619,406
CDKL4,616,434
CDKL5,1,1
CDKN1A,27,24
CDKN1B,17,9
CDKN1C,16,6
CDKN2AIPNL,89,72
CDKN2AIP,25,17
CDKN2B,545,42
CDKN2C,21,5
CDKN2D,10,3
CDKN3,51,40
CDNF,597,316
CDO1,120,32
CDON,322,137
CDPF1,156,71
CDR1,1,1
CDR2L,94,5
CDR2,705,335
CDRT1,479,237
CDRT4,1509,566
CDS1,1754,1037
CDS2,691,448
CDSN,71,4
CDT1,62,8
CDV3,87,6
CDX1,219,104
CDX2,53,5
CDX4,1,1
CDYL2,6477,2543
CDYL,2700,868
CEACAM16,61,18
CEACAM18,14,9
CEACAM19,117,47
CEACAM1,57,19
CEBPA,22,9
CEBPB,2,2
CEBPD,8,7
CEBPE,27,13
CEBPG,43,23
CEBPZOS,602,373
CEBPZ,217,72
CECR6,39,33
CELA2A,263,181
CELF1,458,62
CELF2,6501,3221
CELF3,141,104
CELF4,2959,910
CELF5,240,20
CELF6,96,54
CELSR2,212,98
CELSR3,62,34
CEL,246,126
CEMIP,2742,1559
CEND1,25,20
CENPA,184,103
CENPBD1,70,36
CENPB,11,8
CENPC,890,134
CENPE,1326,268
CENPF,957,222
CENPH,156,138
CENPI,1,1
CENPJ,939,111
CENPK,264,159
CENPL,175,8
CENPM,349,205
CENPN,547,191
CENPO,231,119
CENPP,700,13
CENPQ,340,25
CENPT,27,5
CENPU,511,422
CENPV,234,99
CENPW,1454,1154
CENPX,13,11
CEP104,256,181
CEP112,7176,2566
CEP120,1043,878
CEP126,421,279
CEP128,4310,749
CEP131,300,53
CEP135,264,61
CEP152,664,221
CEP162,1388,510
CEP164,797,318
CEP170,2042,387
CEP192,971,722
CEP19,88,2
CEP250,388,165
CEP290,1862,195
CEP295NL,17,14
CEP295,625,288
CEP350,503,32
CEP41,105,16
CEP44,295,67
CEP55,160,88
CEP57L1,485,83
CEP57,401,192
CEP63,583,10
CEP68,665,316
CEP70,523,145
CEP72,139,111
CEP76,109,18
CEP78,394,336
CEP83,1795,352
CEP85L,728,396
CEP85,201,23
CEP89,1221,552
CEP95,711,213
CEP97,122,35
CEPT1,245,97
CER1,33,7
CERCAM,220,78
CERKL,611,523
CERK,1461,980
CERS1,63,4
CERS2,20,17
CERS3,292,223
CERS4,148,10
CERS5,107,56
CERS6,2521,1406
CES1,554,298
CES3,89,3
CES5A,502,262
CETN1,8,1
CETN2,1,1
CETN3,50,2
CFAP100,559,286
CFAP126,213,103
CFAP157,116,42
CFAP161,451,352
CFAP206,465,179
CFAP20,147,29
CFAP221,1861,1217
CFAP36,111,21
CFAP43,746,33
CFAP44,1923,644
CFAP45,435,277
CFAP46,865,46
CFAP47,1,1
CFAP52,1038,241
CFAP53,365,37
CFAP54,6092,1313
CFAP58,995,6
CFAP61,4700,2582
CFAP65,595,488
CFAP69,368,36
CFAP70,831,433
CFAP73,80,29
CFAP74,306,155
CFAP77,2875,1321
CFAP97,422,63
CFAP99,609,251
CFB,54,3
CFC1B,37,33
CFDP1,2335,699
CFD,9,4
CFI,627,348
CFL1,53,28
CFL2,16,5
CFLAR,18,3
CFP,1,1
CFTR,2307,330
CGA,122,59
CGGBP1,17,13
CGNL1,1718,136
CGN,204,174
CGREF1,230,90
CGRRF1,169,113
CH25H,40,21
CHAC1,7,2
CHAC2,110,74
CHADL,147,51
CHAD,66,28
CHAF1A,159,20
CHAF1B,261,89
CHAT,537,301
CHCHD10,6,6
CHCHD1,24,14
CHCHD2,60,2
CHCHD3,2869,790
CHCHD4,119,45
CHCHD5,38,1
CHCHD6,913,82
CHCHD7,31,19
CHD1L,993,277
CHD1,426,162
CHD2,1150,554
CHD3,253,16
CHD4,130,12
CHD5,610,289
CHD6,2524,1042
CHD7,1279,652
CHD8,212,135
CHD9,917,77
CHDH,207,92
CHEK1,97,79
CHEK2,1387,700
CHERP,95,6
CHFR,249,115
CHGA,123,66
CHGB,272,147
CHI3L1,175,84
CHI3L2,488,268
CHIA,249,147
CHIC1,1,1
CHIC2,501,145
CHID1,158,67
CHIT1,376,134
CHKA,1088,146
CHKB,19,9
CHL1,2075,488
CHML,320,63
CHMP1A,122,58
CHMP1B,20,20
CHMP2A,9,7
CHMP2B,205,66
CHMP3,1000,560
CHMP4A,16,1
CHMP4B,441,291
CHMP4C,202,94
CHMP5,127,11
CHMP6,49,34
CHMP7,176,77
CHM,1,1
CHN1,1215,436
CHN2,4989,994
CHODL,6423,2660
CHORDC1,395,67
CHP1,120,13
CHP2,58,43
CHPF,36,16
CHPT1,792,375
CHRAC1,84,56
CHRDL1,1,1
CHRDL2,791,40
CHRD,41,8
CHRM1,256,62
CHRM2,1197,398
CHRM3,3484,1326
CHRM4,92,18
CHRM5,15,7
CHRNA10,93,40
CHRNA1,223,46
CHRNA2,205,99
CHRNA3,169,40
CHRNA4,137,45
CHRNA5,784,147
CHRNA6,460,245
CHRNA7,1318,110
CHRNA9,595,159
CHRNB1,212,87
CHRNB2,142,64
CHRNB3,814,553
CHRNB4,185,91
CHRND,213,111
CHRNE,317,5
CHRNG,135,47
CHST10,1020,80
CHST11,5363,814
CHST12,449,81
CHST13,224,5
CHST14,6,3
CHST15,1715,932
CHST1,299,156
CHST2,17,10
CHST3,267,215
CHST4,94,10
CHST7,1,1
CHST8,1146,650
CHST9,3775,1733
CHSY1,270,151
CHSY3,5176,2596
CHTF18,28,3
CHTF8,177,37
CHTOP,58,19
CHUK,91,24
CHURC1,175,138
CIAO1,29,5
CIAPIN1,340,178
CIART,19,17
CIB1,16,1
CIB2,162,68
CIB3,65,4
CIB4,960,640
CIC,112,10
CIDEA,155,139
CIDEB,7,1
CIDEC,74,39
CIITA,377,250
CILP2,20,1
CILP,336,132
CIPC,102,3
CIR1,166,12
CIRBP,19,1
CISD1,143,58
CISD2,105,16
CISD3,38,24
CISH,10,4
CITED1,1,1
CITED2,10,4
CITED4,30,8
CIT,1117,143
CIZ1,454,16
CKAP2L,118,5
CKAP2,284,77
CKAP4,68,17
CKAP5,722,126
CKMT1A,22,2
CKMT2,446,287
CKM,63,28
CKS1B,17,5
CKS2,94,28
CLASP1,3758,1786
CLASP2,2325,1140
CLASRP,161,105
CLCA1,649,358
CLCA2,481,175
CLCA4,382,141
CLCC1,359,265
CLCF1,73,36
CLCN1,864,445
CLCN2,66,26
CLCN3,773,168
CLCN4,1,1
CLCN5,1,1
CLCN6,616,400
CLCN7,72,3
CLCNKA,243,20
CLDN10,2976,536
CLDN11,49,35
CLDN12,96,25
CLDN14,921,32
CLDN15,78,36
CLDN16,185,57
CLDN17,21,4
CLDN18,155,5
CLDN19,57,45
CLDN1,154,6
CLDN20,28,4
CLDN22,9,9
CLDN23,40,6
CLDN25,16,8
CLDN2,1,1
CLDN3,15,2
CLDN4,260,43
CLDN5,5,5
CLDN6,9,2
CLDN7,195,135
CLDN8,20,8
CLDN9,18,3
CLDND1,31,22
CLDND2,5,3
CLEC10A,61,3
CLEC11A,10,8
CLEC12A,273,147
CLEC12B,140,89
CLEC14A,9,5
CLEC16A,2180,1573
CLEC17A,155,5
CLEC18C,258,55
CLEC1A,516,125
CLEC1B,146,135
CLEC20A,587,335
CLEC2B,310,74
CLEC2D,451,212
CLEC2L,696,278
CLEC3A,184,147
CLEC3B,118,11
CLEC4E,63,7
CLEC4F,127,52
CLEC4G,8,5
CLEC5A,219,34
CLEC7A,346,85
CLEC9A,151,100
CLGN,541,59
CLHC1,555,160
CLIC1_1,74,11
CLIC1,18,16
CLIC2,1,1
CLIC4,452,232
CLIC5,2341,1124
CLIC6,739,383
CLINT1,60,23
CLIP1,925,292
CLIP2,2272,638
CLIP3,203,69
CLIP4,981,418
CLK1,1,1
CLK2,77,17
CLK3,52,23
CLK4,57,1
CLMN,3088,945
CLMP,1483,219
CLN3,381,192
CLN5,351,55
CLN6,282,139
CLN8,529,443
CLNK,3097,661
CLNS1A,451,99
CLP1,71,44
CLPB,7626,4486
CLPP,52,22
CLPSL1,74,39
CLPSL2,56,31
CLPS,14,4
CLPTM1L,163,49
CLPTM1,194,145
CLPX,249,101
CLRN1,340,16
CLRN2,312,80
CLRN3,709,74
CLSPN,546,266
CLSTN1,731,277
CLSTN2,7367,1915
CLSTN3,632,158
CLTA,93,68
CLTB,85,12
CLTC,383,45
CLUAP1,79,2
CLUH,160,37
CLUL1,357,247
CLU,333,136
CLVS1,1158,357
CLVS2,892,448
CLYBL,3294,780
CMAH,543,190
CMAS,59,7
CMBL,751,338
CMC1,1532,497
CMC2,393,81
CMC4,1,1
CMIP,3564,1134
CMKLR1,299,158
CMPK1,557,134
CMPK2,292,152
CMSS1,1633,1112
CMTM2,110,9
CMTM3,92,22
CMTM4,503,181
CMTM5,14,7
CMTM6,181,138
CMTM7,1127,338
CMTM8,2033,653
CMTR1,372,134
CMTR2,108,37
CMYA5,889,373
CNBD1,3062,49
CNBD2,345,192
CNBP,485,260
CNDP1,304,36
CNDP2,131,5
CNEP1R1,115,84
CNFN,24,9
CNGA1,1602,478
CNGA2,1,1
CNGA3,155,93
CNGA4,221,118
CNGB1,2978,1344
CNGB3,941,20
CNIH1,52,26
CNIH2,35,2
CNIH3,5239,1544
CNIH4,269,54
CNKSR1,117,56
CNKSR2,1,1
CNKSR3,2200,1265
CNMD,800,229
CNN1,11,1
CNN2,40,3
CNN3,399,21
CNNM1,731,116
CNNM2,1839,121
CNNM3,63,4
CNNM4,210,9
CNOT10,1475,777
CNOT11,63,16
CNOT1,846,155
CNOT2,197,149
CNOT3,76,35
CNOT4,748,176
CNOT6L,779,99
CNOT6,164,87
CNOT7,195,44
CNOT8,308,207
CNOT9,183,146
CNPPD1,46,31
CNP,125,62
CNPY1,1276,120
CNPY2,14,5
CNPY3,127,26
CNPY4,47,14
CNR1,273,89
CNR2,377,193
CNRIP1,233,84
CNST,802,299
CNTD1,101,31
CNTFR,216,118
CNTF,24,16
CNTLN,2034,672
CNTN1,3916,1713
CNTN2,731,133
CNTN3,3274,488
CNTN4,9414,3576
CNTN5,11097,5434
CNTN6,2434,1021
CNTNAP1,117,43
CNTNAP2,24945,10437
CNTNAP4,6292,2653
CNTNAP5,11605,5540
CNTRL,905,662
CNTROB,236,39
COASY,45,7
COBLL1,590,112
COBL,3984,2222
COCH,57,33
COG1,262,99
COG2,477,220
COG3,1425,353
COG4,576,304
COG5,2227,707
COG6,1543,836
COG7,1101,482
COG8,32,10
COIL,272,139
COL10A1,31,18
COL11A1,2022,1194
COL11A2,514,121
COL12A1,755,235
COL13A1,2125,1414
COL14A1,4662,1037
COL15A1,1697,1205
COL16A1,809,274
COL17A1,514,177
COL18A1,1066,170
COL19A1,4367,2297
COL1A1,230,8
COL1A2,110,49
COL20A1,224,50
COL21A1,3214,1426
COL22A1,7251,2406
COL23A1,3930,65
COL24A1,4587,2269
COL25A1,3556,1115
COL26A1,2151,1283
COL27A1,2886,1045
COL28A1,1411,428
COL2A1,588,103
COL3A1,110,99
COL4A1,2636,985
COL4A2,1998,1239
COL4A3BP,1045,585
COL4A3,3651,1568
COL4A4,3873,1661
COL4A5,1,1
COL4A6,1,1
COL5A1,3267,1659
COL5A2,1502,1206
COL5A3,197,7
COL6A3,1362,677
COL6A5,2970,521
COL6A6,2605,544
COL7A1,232,145
COL8A1,639,381
COL8A2,135,33
COL9A1,1133,333
COL9A2,180,72
COL9A3,217,46
COLCA1,65,3
COLCA2,81,17
COLEC10,4778,1842
COLEC11,886,429
COLEC12,993,754
COLGALT1,100,20
COLGALT2,2959,1356
COLQ,1796,726
COMMD10,2854,1378
COMMD1,644,99
COMMD2,60,9
COMMD3,13,9
COMMD4,14,7
COMMD5,17,5
COMMD6,524,319
COMMD7,296,238
COMMD8,366,210
COMMD9,371,29
COMP,14,2
COMTD1,21,18
COMT,66,8
COPA,318,269
COPB1,183,72
COPB2,271,65
COPE,80,3
COPG1,104,43
COPG2,604,227
COPRS,109,3
COPS2,107,24
COPS3,371,182
COPS4,593,154
COPS5,42,23
COPS6,33,15
COPS7A,30,8
COPS7B,364,191
COPS8,255,109
COPS9,82,51
COPZ1,98,29
COPZ2,180,111
COQ10A,23,10
COQ10B,134,105
COQ2,354,151
COQ3,166,113
COQ4,198,46
COQ5,66,33
COQ6,76,46
COQ7,145,28
COQ8A,670,235
COQ8B,87,14
COQ9,244,117
CORIN,5036,2316
CORO1A,58,14
CORO1B,58,22
CORO1C,358,148
CORO2A,590,319
CORO2B,1205,468
CORO6,79,6
CORT,18,8
COTL1,1483,713
COX10,2105,1051
COX17,70,65
COX5B,2,1
COX6A1,11,7
COX6B,97,30
COX6C,113,12
COX7A1,9,6
COX7A2,22,20
COX7C,34,1
COX8H,9,5
CPA1,25,3
CPA2,32,1
CPA3,333,206
CPA4,101,4
CPA5,198,10
CPA6,2242,1240
CPAMD8,869,153
CPB1,236,72
CPB2,1685,631
CPD,1058,35
CPEB1,259,129
CPEB2,687,139
CPEB3,1661,836
CPEB4,202,43
CPED1,3526,1283
CPE,1105,577
CPLX1,199,87
CPLX2,195,92
CPLX3,28,17
CPLX4,293,178
CPM,1181,277
CPN1,195,136
CPN2,102,4
CPNE1,166,78
CPNE2,750,321
CPNE3,627,10
CPNE4,9554,1552
CPNE5,833,370
CPNE6,37,7
CPNE7,566,259
CPNE8,4036,1847
CPNE9,124,54
CPO,376,140
CPOX,134,99
CPPED1,1148,554
CPQ,4964,2225
CPS1,943,567
CPSF1,80,20
CPSF2,492,241
CPSF3,819,45
CPSF4L,520,140
CPSF4,343,151
CPSF6,141,28
CPSF7,268,181
CPT1A,796,118
CPT1B,36,17
CPT1C,31,25
CPT2,369,76
CPTP,27,11
CP,322,178
CPVL,2416,180
CPXCR1,1,1
CPXM1,108,45
CPXM2,3171,1555
CPZ,670,382
CR1,844,354
CRABP1,107,32
CRABP2,45,4
CRACR2A,1882,844
CRACR2B,41,19
CRADD,3579,1330
CRAMP1,111,7
CRAT,180,35
CRB1,4142,949
CRB2,340,95
CRB3,24,1
CRBN,121,43
CRCP,1525,406
CREB1,179,119
CREB3L1,312,83
CREB3L2,1749,990
CREB3L3,29,5
CREB3L4,62,13
CREB3,28,15
CREB5,6192,583
CREBBP,323,172
CREBL2,102,31
CREBRF,164,91
CREBZF,36,19
CREG1,78,66
CREG2,457,51
CRELD1,50,18
CRELD2,110,45
CREM,527,306
CRHBP,172,44
CRHR1,767,700
CRHR2,725,308
CRH,35,15
CRIM1,2118,1297
CRIP3,13,7
CRIPT,120,29
CRISP1,434,218
CRISP2,358,111
CRISP3,404,184
CRISPLD1,324,127
CRISPLD2,1694,514
CRKL,106,13
CRK,166,11
CRLF1,41,5
CRLF3,879,25
CRLS1,319,145
CRMP1,2198,876
CRNKL1,421,157
CRNN,96,79
CROCC2,276,44
CROCC,668,145
CROT,306,134
CRP_1,106,48
CRP,47,38
CRSP-2,90,64
CRSP3,40,27
CRTAC1,1265,236
CRTAM,465,232
CRTAP,1150,782
CRTC1,277,29
CRTC2,64,22
CRTC3,1166,586
CRX,29,9
CRY1,827,15
CRY2,454,84
CRYAA,77,31
CRYAB,57,5
CRYBA1,91,12
CRYBA2,47,37
CRYBA4,64,45
CRYBB1,81,43
CRYBB2,196,75
CRYBB3,80,30
CRYBG1,2364,1209
CRYBG2,265,116
CRYBG3,853,546
CRYGN,119,35
CRYGS,31,9
CRYL1,1010,69
CRYM,191,51
CRYZL1,1106,213
CRYZ,321,79
CSAD,298,80
CSDC2,203,74
CSDE1,180,72
CSE1L,569,125
CSF1R,535,265
CSF1,87,66
CSF2RB,459,259
CSF2,19,10
CSF3R,164,91
CSF3,29,14
CSGALNACT1,8160,5022
CSGALNACT2,364,174
CSK,170,57
CSMD1,18973,9834
CSMD2,7433,4453
CSMD3,7313,572
CSN1S1,126,8
CSN1S2,262,5
CSN2,55,6
CSN3,81,8
CSNK1A1,329,29
CSNK1D,230,109
CSNK1G1,1020,327
CSNK1G2,131,20
CSNK1G3,1598,944
CSNK2A1,212,106
CSNK2A2,278,126
CSNK2B,39,4
CSPG4,318,80
CSPG5,198,129
CSPP1,760,508
CSRNP1,132,28
CSRNP3,575,107
CSRP1,239,105
CSRP2,114,23
CSRP3,226,103
CST11,43,19
CST3,93,65
CST6,24,2
CST7,256,151
CST8,195,81
CSTB,133,8
CSTF1,221,27
CSTF2T,41,28
CSTF2,1,1
CSTF3,408,50
CSTL1,114,68
CS,156,57
CT55,1,1
CT83,1,1
CTBP1,182,95
CTBP2,2568,1463
CTBS,249,117
CTC1,448,198
CTCFL,599,137
CTCF,655,305
CTDP1,366,45
CTDSP1,29,17
CTDSP2,99,39
CTDSPL2,371,16
CTDSPL,786,472
CTGF,52,23
CTHRC1,175,55
CTH,417,248
CTIF,3088,259
CTLA4,51,10
CTNNA1,1649,555
CTNNA2,16568,7361
CTNNA3,15154,8518
CTNNAL1,1159,789
CTNNB1,261,97
CTNNBIP1,546,292
CTNNBL1,1352,607
CTNND1,796,279
CTNND2,21010,4051
CTNS,539,97
CTPS1,282,200
CTPS2,1,1
CTR9,296,190
CTRB2,135,32
CTRC,34,25
CTRL,20,11
CTSA,161,59
CTSB,254,67
CTSC,316,208
CTSD,78,45
CTSF,161,57
CTSH,287,171
CTSK,83,58
CTSL,136,55
CTSO,452,175
CTSS,248,132
CTSV,42,4
CTSW,29,7
CTSZ,149,85
CTTNBP2NL,161,75
CTTNBP2,4686,294
CTTN,594,275
CTU1,38,26
CTU2,234,85
CTXN1,12,1
CTXN2,55,6
CTXN3,100,73
CUBN,6934,3751
CUEDC1,417,191
CUEDC2,102,32
CUL1,1005,174
CUL2,1668,1111
CUL3,502,299
CUL4A,251,51
CUL4B,1,1
CUL5,646,95
CUL7,100,75
CUL9,285,117
CUTA,7,4
CUTC,370,269
CUX1,6098,1710
CUX2,2144,466
CWC15,298,51
CWC22,262,221
CWC25,374,164
CWC27,1413,603
CWF19L1,105,50
CWF19L2,1098,350
CWH43,2034,593
CX3CL1,112,54
CX3CR1,224,67
CXADR,659,297
CXCL10,39,4
CXCL11,106,20
CXCL12,326,172
CXCL13,141,67
CXCL14,245,85
CXCL16,17,1
CXCL2,24,20
CXCL8,17,12
CXCL9,69,14
CXCR2,168,79
CXCR3,1,1
CXCR4,23,5
CXCR5,143,60
CXCR6,25,14
CXH4orf3,1,1
CXHXorf21,1,1
CXHXorf23,1,1
CXHXorf36,1,1
CXHXorf38,1,1
CXHXorf56,1,1
CXHXorf57,1,1
CXHXorf58,1,1
CXHXorf65,1,1
CXHXorf66,1,1
CXHXorf67,1,1
CXXC1,32,6
CXXC4,247,73
CXXC5,394,35
CYB561,140,85
CYB5A,179,119
CYB5B,587,351
CYB5R1,132,3
CYBA,107,40
CYBRD1,283,162
CYCS,64,15
CYFIP1,1904,1387
CYFIP2,1515,190
CYGB,75,61
CYLC1,1,1
CYLC2,122,101
CYLD,883,543
CYM,248,114
CYP11A1,92,39
CYP17A1,25,13
CYP19A1,174,4
CYP19A2,313,66
CYP19A3,287,13
CYP1A1,45,13
CYP1A2,114,7
CYP20A1,685,529
CYP21A2,48,20
CYP24A1,417,218
CYP26A1,51,36
CYP27A1,364,196
CYP27B1,23,3
CYP2A19,26,3
CYP2B22,82,15
CYP2C32,1988,138
CYP2C33,313,104
CYP2C34,2485,72
CYP2C36,1319,298
CYP2C42,350,161
CYP2C49,2075,359
CYP2C91,469,75
CYP2D25,155,77
CYP2E1,70,15
CYP2J34,506,133
CYP2R1,74,54
CYP39A1,1286,28
CYP3A22,1056,284
CYP3A29,886,309
CYP3A46,1206,135
CYP4A21,609,149
CYP4A24,384,72
CYP4F2,202,13
CYP4F55,205,7
CYP4V2,319,258
CYP51,181,50
CYP7A1,376,130
CYP8B1,22,17
CYR61,25,10
CYS1,405,126
CYSLTR1,1,1
CYSLTR2,159,53
CYSTM1,613,33
CYTH1,1168,806
CYTH2,20,4
CYTH3,2643,1271
CYTH4,656,144
CYTIP,217,188
CYTL1,177,23
CYYR1,1650,1044
D2HGDH,343,257
DAAM1,628,193
DAAM2,2180,1154
DAB1,24412,9252
DAB2IP,1464,543
DAB2,1648,561
DACH1,3274,2229
DACH2,1,1
DACT1,37,2
DACT2,123,17
DACT3,60,29
DAD1,253,95
DAG1,364,199
DAGLA,812,498
DAGLB,850,243
DALRD3,16,10
DAND5,18,4
DAO,241,32
DAP3,147,39
DAPK1,4557,1951
DAPK2,1352,872
DAPK3,68,13
DAPL1,72,9
DAPP1,1037,367
DAP,1504,367
DARS2,317,8
DARS,974,227
DAW1,1471,720
DAXX,14,7
DAZAP1,31,8
DAZL,133,39
DBF4B,245,140
DBF4,162,128
DBH,589,393
DBI,63,44
DBN1,59,6
DBNDD1,86,53
DBNDD2,856,135
DBNL,281,100
DBP,11,4
DBR1,48,2
DBT,696,311
DBX1,43,21
DBX2,338,107
DCAF10,357,184
DCAF11,44,9
DCAF12,160,82
DCAF13,253,88
DCAF15,23,2
DCAF16,348,139
DCAF17,217,129
DCAF1,475,277
DCAF4,338,3
DCAF5,1011,233
DCAF6,316,207
DCAF7,334,180
DCAF8,261,162
DCAKD,434,253
DCBLD1,1000,531
DCBLD2,374,212
DCC,11737,2573
DCDC2B,72,10
DCDC2C,2380,958
DCDC2,3938,2372
DCHS1,312,163
DCHS2,6135,2515
DCK,154,56
DCLK1,4839,1460
DCLK2,2413,746
DCLK3,1144,327
DCLRE1A,253,4
DCLRE1B,135,44
DCLRE1C,901,471
DCN,344,253
DCP1A,700,149
DCP1B,210,166
DCP2,418,49
DCPS,189,56
DCST1,153,76
DCST2,85,35
DCSTAMP,170,19
DCTD,412,314
DCTN1,226,129
DCTN2,41,2
DCTN3,54,40
DCTN4,249,96
DCTN5,102,3
DCTN6,141,80
DCTPP1,49,38
DCT,1163,253
DCUN1D1,88,31
DCUN1D2,328,53
DCUN1D3,229,9
DCUN1D4,1174,344
DCUN1D5,280,148
DCX,1,1
DDA1,30,9
DDAH1,940,454
DDAH2,32,1
DDB1,482,341
DDB2,393,133
DDC,1611,951
DDHD1,237,49
DDHD2,313,259
DDI1,28,14
DDIAS,347,147
DDIT3,13,1
DDIT4L,58,31
DDIT4,14,7
DDN,28,17
DDOST,64,22
DDO,334,93
DDR1,156,33
DDR2,1037,133
DDRGK1,191,124
DDT,12,7
DDX10,2031,344
DDX11,227,149
DDX17,108,51
DDX18,139,62
DDX19A,392,162
DDX19B,417,175
DDX1,496,109
DDX20,235,101
DDX21,222,145
DDX23,412,60
DDX24,202,58
DDX25,40,24
DDX27,128,81
DDX28,16,8
DDX31,1399,496
DDX39A,24,2
DDX39B,140,33
DDX3X,1,1
DDX41,58,1
DDX42,326,160
DDX43,239,123
DDX46,759,371
DDX47,198,37
DDX49,27,2
DDX4,1384,758
DDX50,275,148
DDX51,136,100
DDX52,96,49
DDX53,1,1
DDX54,216,149
DDX55,185,33
DDX56,192,25
DDX58,1113,513
DDX59,451,119
DDX5,64,24
DDX60,1929,730
DDX6,100,52
DEAF1,190,129
DECR1,212,74
DECR2,27,8
DEDD2,39,7
DEDD,55,12
DEF6,108,77
DEF8,279,149
DEFB110,111,57
DEFB112,137,47
DEFB113,25,7
DEFB114,256,121
DEFB115,117,61
DEFB116,65,49
DEFB121,68,34
DEFB123,182,103
DEFB124,72,41
DEFB125,77,42
DEFB127,38,32
DEFB128,418,248
DEFB129,95,66
DEFB133,64,26
DEFB134,101,40
DEFB135,46,8
DEFB136,28,9
DEFB1,21,14
DEGS1,922,496
DEGS2,1248,111
DEK,400,49
DENND1A,2860,1309
DENND1B,2349,49
DENND1C,56,7
DENND2A,2279,422
DENND2D,328,183
DENND3,492,291
DENND4A,933,443
DENND4B,43,20
DENND4C,422,121
DENND5A,709,403
DENND5B,926,328
DENND6A,523,145
DENND6B,90,63
DENR,70,35
DEPDC1B,547,21
DEPDC1,239,53
DEPDC4,302,53
DEPDC5,421,229
DEPDC7,245,120
DEPTOR,3475,719
DERA,689,575
DERL1,505,8
DERL2,216,123
DERL3,9,6
DESI1,299,118
DESI2,867,408
DES,120,83
DET1,78,1
DEUP1,5248,2365
DEXI,115,95
DFFA,87,50
DFFB,76,43
DFNA5,1648,295
DFNB59,79,54
DGAT1,48,26
DGAT2L6,1,1
DGAT2,260,69
DGCR14,24,7
DGCR2,102,32
DGCR6L,45,12
DGCR8,57,11
DGKA,150,80
DGKB,5869,2153
DGKD,1449,525
DGKE,390,246
DGKG,995,175
DGKH,4220,2335
DGKI,8878,2677
DGKK,1,1
DGKQ,50,21
DGKZ,336,39
DGUOK,187,19
DHCR24,577,24
DHCR7,232,160
DHDDS,428,224
DHDH,32,25
DHFR,181,86
DHH,28,8
DHODH,240,103
DHPS,8,1
DHRS11,110,94
DHRS13,100,9
DHRS1,23,1
DHRS3,543,164
DHRS4,36,13
DHRS7B,564,269
DHRS7C,344,169
DHRS7,49,19
DHRS9,307,227
DHRSX,1,1
DHTKD1,1483,635
DHX15,777,410
DHX16,208,80
DHX29,333,20
DHX30,89,43
DHX32,1324,109
DHX33,427,303
DHX34,195,86
DHX35,2521,1250
DHX36,476,208
DHX37,371,126
DHX38,231,116
DHX40,194,139
DHX57,705,309
DHX58,108,27
DHX8,569,277
DHX9,145,75
DIABLO,97,46
DIAPH1,2059,807
DIAPH2,1,1
DIAPH3,3022,1838
DICER1,856,449
DIDO1,455,91
DIEXF,706,364
DIMT1,90,37
DIO1,86,10
DIO2,124,66
DIP2B,2164,1334
DIP2C,2723,1788
DIRAS1,36,6
DIRAS2,466,55
DIRAS3,32,6
DIRC1,341,321
DIRC2,1315,972
DIS3L2,7237,1093
DIS3L,410,196
DIS3,430,211
DISC1,5417,2290
DISP1,3949,1672
DISP2,123,57
DISP3,735,461
DIXDC1,758,108
DKC1,1,1
DKK1,11,3
DKK2,943,54
DKK3,672,238
DKK4,112,38
DKKL1,14,7
DLAT,123,21
DLC1,7739,2208
DLD,331,213
DLEC1,1238,667
DLEU7,264,32
DLG1,944,395
DLG2,32891,12068
DLG3,1,1
DLG4,195,6
DLG5,553,414
DLGAP1,9253,6092
DLGAP2,9089,6220
DLGAP3,466,246
DLGAP4,2012,571
DLGAP5,72,21
DLK1,62,19
DLK2,47,10
DLL1,66,7
DLL3,80,24
DLL4,23,4
DLST,121,4
DLX1,9,9
DLX2,14,13
DLX3,59,15
DLX4,66,26
DLX5,25,2
DLX6,24,2
DMAP1,115,44
DMBT1,1133,671
DMBX1,205,21
DMC1,297,214
DMD,1,1
DMGDH,1740,420
DMKN,209,59
DMP1,696,62
DMPK,21,3
DMRT1,1415,749
DMRT2,368,100
DMRT3,97,36
DMRTA1,20,6
DMRTA2,37,18
DMRTB1,153,58
DMRTC2,32,23
DMTF1,159,129
DMTN,503,150
DMWD,15,3
DMXL1,1359,30
DMXL2,587,21
DNA2,517,312
DNAAF1,610,242
DNAAF2,18,1
DNAAF4,564,62
DNAAF5,581,42
DNAH10,1782,601
DNAH11,4266,2119
DNAH12,2728,1096
DNAH14,7307,2573
DNAH17,1839,1277
DNAH1,737,236
DNAH2,1501,556
DNAH3,2223,337
DNAH5,5616,2534
DNAH6,4337,2389
DNAH7,1278,1123
DNAH8,2249,612
DNAH9,4690,2503
DNAI1,919,616
DNAI2,607,340
DNAJA1,79,12
DNAJA2,149,7
DNAJA3,55,4
DNAJA4,77,25
DNAJB11,55,9
DNAJB12,160,100
DNAJB13,583,288
DNAJB14,682,250
DNAJB1,10,1
DNAJB2,189,146
DNAJB3,42,1
DNAJB4,462,206
DNAJB5,43,21
DNAJB6,1029,181
DNAJB7,60,33
DNAJB8,38,30
DNAJB9,66,24
DNAJC10,244,219
DNAJC11,621,378
DNAJC12,325,157
DNAJC13,893,534
DNAJC14,16,7
DNAJC15,1048,58
DNAJC16,492,235
DNAJC17,178,17
DNAJC18,290,15
DNAJC19,28,3
DNAJC1,1966,1153
DNAJC21,426,68
DNAJC22,164,103
DNAJC24,410,21
DNAJC27,876,388
DNAJC28,256,97
DNAJC2,282,114
DNAJC30,38,3
DNAJC3,1256,281
DNAJC4,65,10
DNAJC5B,228,20
DNAJC5G,206,67
DNAJC5,221,10
DNAJC6,2826,1503
DNAJC7,327,105
DNAJC8,221,24
DNAJC9,53,42
DNAL1,139,16
DNAL4,293,200
DNALI1,27,16
DNASE1L1,1,1
DNASE1L2,9,1
DNASE1L3,245,71
DNASE1,135,25
DNASE2B,117,47
DNASE2,6,2
DND1,45,4
DNER,7959,3594
DNHD1,509,140
DNM1L,276,136
DNM1,1048,232
DNM2,313,10
DNM3,3909,733
DNMT1,380,4
DNMT3A,1098,795
DNMT3B,243,146
DNMT3L,458,150
DNPEP,243,190
DNPH1,75,10
DNTTIP1,428,278
DNTTIP2,302,196
DNTT,389,198
DOC2A,15,7
DOC2B,804,127
DOCK10,6037,2745
DOCK11,1,1
DOCK1,9742,2203
DOCK2,1963,1582
DOCK3,2503,918
DOCK4,7730,1932
DOCK5,6120,2073
DOCK6,234,6
DOCK7,4165,1807
DOCK8,2009,891
DOCK9,5292,846
DOHH,24,5
DOK1,17,7
DOK2,67,26
DOK3,29,1
DOK4,398,210
DOK5,3421,1073
DOK6,2140,499
DOK7,601,289
DOLK,21,2
DOLPP1,90,5
DONSON,118,22
DOPEY1,637,235
DOPEY2,2426,644
DOT1L,241,24
DPAGT1,54,27
DPCD,65,6
DPCR1,190,31
DPEP1,526,144
DPF1,29,8
DPF2,253,84
DPF3,2236,173
DPH1,134,13
DPH2,102,62
DPH3,150,36
DPH5,495,66
DPH6,1432,427
DPM1,220,152
DPM2,99,2
DPM3,11,8
DPP10,7646,3053
DPP3,705,216
DPP4,217,51
DPP6,20818,7262
DPP8,216,109
DPP9-AS1,7,1
DPP9,232,5
DPPA2,131,81
DPPA3,122,59
DPPA4,136,38
DPPA5,32,5
DPRX,28,5
DPT,378,312
DPY19L1,2352,848
DPY19L2,219,23
DPY19L3,459,341
DPY19L4,616,342
DPY30,209,144
DPYD,12848,8107
DPYSL2,2175,864
DPYSL3,2222,644
DPYSL4,106,56
DPYSL5,2179,1607
DPYS,1028,143
DQX1,44,2
DR1,138,47
DRAM1,431,191
DRAM2,164,55
DRAP1,31,1
DRAXIN,360,279
DRC1,873,500
DRC3,408,206
DRC7,704,390
DRD1,23,8
DRD2,1834,1045
DRD3,307,184
DRD4,29,16
DRD5,104,58
DRG1,65,29
DRG2,224,133
DRGX,384,230
DROSHA,1850,501
DRP2,1,1
DSC1,118,58
DSC2,379,68
DSC3,376,60
DSCAML1,7375,3249
DSCAM,10545,2369
DSCC1,164,4
DSCR3,758,58
DSEL,78,18
DSE,347,187
DSG1,456,109
DSG2,657,178
DSG3,329,132
DSG4,407,156
DSN1,130,43
DSPP,2704,1015
DSP,1282,266
DSTN,364,212
DST,6750,2774
DSTYK,513,144
DTD1,1785,917
DTD2,77,47
DTHD1,1441,281
DTL,464,366
DTNA,4477,1629
DTNBP1,2164,1425
DTNB,2662,2267
DTWD1,54,13
DTWD2,2393,157
DTX1,435,344
DTX2,373,89
DTX3L,166,110
DTX3,40,4
DTX4,775,368
DTYMK,59,41
DUOX1,216,21
DUOX2,144,7
DUOXA1,84,5
DUOXA2,37,4
DUPD1,418,236
DUS1L,46,29
DUS2,314,118
DUS3L,45,3
DUS4L,148,72
DUSP10,318,50
DUSP11,95,14
DUSP12,53,3
DUSP13,136,75
DUSP14,382,315
DUSP16,1188,828
DUSP18,39,27
DUSP19,69,40
DUSP1,20,14
DUSP21,1,1
DUSP22,128,18
DUSP23,54,44
DUSP27,274,178
DUSP28,26,17
DUSP2,11,2
DUSP3,128,53
DUSP4,119,109
DUSP5,107,74
DUSP6,38,14
DUSP7,31,11
DUSP8,114,84
DUSP9,1,1
DUT,85,42
DUXA,26,10
DVL1,68,29
DVL2,143,78
DVL3,74,10
DXO,16,3
DYDC1,166,119
DYDC2,95,49
DYM,1930,427
DYNC1I1,3069,666
DYNC1I2,172,140
DYNC1LI1,774,267
DYNC1LI2,152,63
DYNC2H1,3167,1549
DYNC2LI1,541,412
DYNLL1,13,6
DYNLL2,67,35
DYNLRB1,76,29
DYNLRB2,253,49
DYNLT1,221,146
DYNLT3,1,1
DYRK1A,1027,18
DYRK1B,36,12
DYRK2,74,18
DYRK3,76,6
DYRK4,1260,482
DYSF,2359,239
DYTN,705,362
DZANK1,1271,666
DZIP1L,382,17
DZIP1,1187,311
DZIP3,1318,543
E2F1,64,24
E2F2,134,63
E2F3,1228,498
E2F4,28,5
E2F5,130,4
E2F6,597,212
E2F7,254,54
E2F8,170,119
E4F1,33,2
EAF1,311,164
EAF2,270,206
EAPP,422,229
EARS2,461,24
EBAG9,244,167
EBF1,1670,521
EBF2,2929,1091
EBF3,1025,70
EBF4,1428,765
EBI3,30,4
EBNA1BP2,168,84
EBPL,2054,503
EBP,1,1
ECD,273,220
ECE1,758,261
ECE2,127,16
ECEL1,242,68
ECH1,103,42
ECHDC1,394,156
ECHDC2,215,8
ECHDC3,661,376
ECHS1,110,10
ECI1,21,1
ECI2,667,245
ECM1,67,43
ECM2,66,6
ECSCR,220,47
ECSIT,23,2
ECT2L,1185,324
ECT2,113,35
EDA2R,1,1
EDARADD,904,247
EDAR,676,8
EDA,1,1
EDC3,244,109
EDC4,63,7
EDDM3B,43,22
EDEM1,165,84
EDEM2,198,76
EDEM3,526,469
EDIL3,2605,856
EDN1,89,49
EDN2,88,61
EDN3,416,186
EDNRA,661,114
EDNRB,278,130
EDRF1,435,8
EEA1,1819,452
EED,149,70
EEF1A1,8,3
EEF1A2,39,2
EEF1AKMT1,351,66
EEF1AKMT2,162,102
EEF1AKMT3,250,21
EEF1B2,29,27
EEF1D,74,6
EEF1E1,610,291
EEF1G,160,53
EEF2KMT,56,5
EEF2K,1672,710
EEF2,39,7
EEFSEC,1147,699
EEPD1,2287,598
EFCAB11,3611,1659
EFCAB12,104,79
EFCAB14,553,127
EFCAB1,212,103
EFCAB2,2163,918
EFCAB3,884,537
EFCAB5,1407,74
EFCAB6,5749,2763
EFCAB7,737,327
EFCAB8,847,562
EFCAB9,142,27
EFCC1,275,171
EFEMP1,241,12
EFEMP2,134,74
EFHB,1602,613
EFHC1,1097,407
EFHC2,1,1
EFHD1,1464,554
EFHD2,110,89
EFL1,1225,521
EFNA1,52,27
EFNA2,29,3
EFNA3,57,34
EFNA4,23,15
EFNA5,2400,654
EFNB1,1,1
EFNB2,641,260
EFNB3,14,2
EFR3A,756,422
EFR3B,1837,1297
EFS,38,24
EFTUD2,486,114
EGFL6,1,1
EGFL8,34,11
EGFLAM,4441,1093
EGFR,835,282
EGF,1543,516
EGLN1,264,130
EGLN2,11,5
EGLN3,166,64
EGR1,18,1
EGR2,22,16
EGR3,36,17
EGR4,3,1
EHBP1L1,206,114
EHBP1,1242,329
EHD1,482,258
EHD2,88,49
EHD3,631,228
EHD4,517,14
EHF,784,444
EHHADH,386,77
EHMT2,195,51
EI24,47,40
EID1,18,3
EID3,140,3
EIF1AD,49,2
EIF1AX,1,1
EIF1AY,1,1
EIF1B,27,9
EIF1,37,7
EIF2AK1,1200,673
EIF2AK2,456,251
EIF2AK3,821,57
EIF2AK4,438,14
EIF2A,122,6
EIF2B1,98,43
EIF2B2,88,12
EIF2B3,2206,1491
EIF2B4,69,33
EIF2B5,56,7
EIF2D,304,23
EIF2S1,77,65
EIF2S2,41,17
EIF2S3,1,1
EIF3A,95,6
EIF3B,413,87
EIF3D,347,183
EIF3E,427,85
EIF3F,185,131
EIF3G,33,1
EIF3H,288,7
EIF3I,117,83
EIF3J,93,2
EIF3K,73,7
EIF3L,789,623
EIF3M,372,4
EIF4A1,22,2
EIF4A2,25,11
EIF4A3,339,203
EIF4B,258,26
EIF4E1B,44,1
EIF4E2,290,36
EIF4E3,837,269
EIF4EBP1,119,90
EIF4EBP2,358,254
EIF4EBP3,9,1
EIF4ENIF1,102,50
EIF4E,676,334
EIF4G1,90,39
EIF4G2,51,27
EIF4G3,2370,813
EIF4H,297,116
EIF5A2,60,46
EIF5A,8,3
EIF5B,208,53
EIF6,62,30
EIPR1,1187,745
ELAC1,97,49
ELAC2,979,441
ELANE,6,1
ELAVL1,165,47
ELAVL2,400,57
ELAVL3,38,2
ELAVL4,1312,730
ELF1,2352,144
ELF2,603,199
ELF3,82,60
ELF4,1,1
ELF5,735,369
ELFN1,1456,111
ELFN2,1052,340
ELK1,1,1
ELK3,1150,323
ELK4,212,47
ELL2,364,187
ELL3,16,2
ELL,327,62
ELMO1,8074,2695
ELMO2,379,257
ELMO3,33,6
ELMOD1,488,181
ELMOD2,232,14
ELMOD3,579,426
ELMSAN1,338,105
ELN,295,40
ELOA,53,20
ELOB,17,3
ELOF1,7,1
ELOVL1,61,24
ELOVL2,1981,973
ELOVL3,18,8
ELOVL4,304,186
ELOVL5,465,185
ELOVL6,2164,853
ELOVL7,455,32
ELP1,1659,673
ELP2,555,4
ELP3,1923,997
ELP4,1769,121
ELP5,55,34
ELP6,80,32
ELSPBP1,131,26
EMB,345,192
EMC10,21,7
EMC1,320,155
EMC2,425,271
EMC3,173,72
EMC4,25,20
EMC6,12,1
EMC7,93,31
EMC8,391,89
EMC9,7,1
EMCN,693,398
EMD,1,1
EME1,77,34
EME2,6,1
EMG1,32,2
EMID1,161,100
EMILIN1,94,41
EMILIN2,551,402
EMILIN3,93,18
EML1,3176,678
EML2,104,16
EML3,94,36
EML4,831,681
EML5,1714,662
EML6,3024,1254
EMP1,391,129
EMP2,470,367
EMP3,26,6
EMR4,222,1
EMSY,595,246
EMX1,110,31
EMX2,20,4
EN1,19,3
EN2,61,5
ENAH,1730,463
ENAM,28,22
ENC1,75,41
ENDOD1,552,77
ENDOG,61,1
ENDOU,304,80
ENGASE,111,57
ENG,784,140
ENHO,11,8
ENKD1,38,3
ENKUR,429,169
ENO1,138,80
ENO2,112,4
ENO3,66,42
ENO4,358,18
ENOPH1,684,346
ENOSF1,229,200
ENOX1,12177,1634
ENOX2,1,1
ENPEP,671,96
ENPP1,1136,376
ENPP2,1086,34
ENPP3,409,239
ENPP4,191,49
ENPP5,294,25
ENPP6,885,608
ENPP7,42,8
ENSA,36,26
ENTHD1,1605,769
ENTPD1,331,41
ENTPD3,270,153
ENTPD4,680,127
ENTPD5,230,36
ENTPD6,180,136
ENTPD7,277,199
ENY2,41,15
EOGT,630,106
EOMES,51,17
EP300,585,232
EP400,944,478
EPAS1,778,384
EPB41L1,1024,206
EPB41L2,2169,1043
EPB41L3,2640,1646
EPB41L4A,3714,864
EPB41L4B,2099,1144
EPB41L5,913,232
EPB41,1633,807
EPB42,135,3
EPC1,1185,88
EPC2,1154,611
EPCAM,319,98
EPDR1,258,21
EPG5,1456,606
EPGN,223,112
EPHA10,324,163
EPHA1,363,153
EPHA2,222,24
EPHA3,2307,1141
EPHA4,2462,1280
EPHA5,1538,765
EPHA6,5041,2265
EPHA7,872,167
EPHA8,252,161
EPHB1,4447,346
EPHB2,2262,1189
EPHB3,81,33
EPHB4,144,26
EPHB6,1211,712
EPHX1,356,34
EPHX2,1563,592
EPHX3,7,1
EPHX4,807,303
EPM2AIP1,50,10
EPM2A,1414,514
EPN1,90,47
EPN2,1230,620
EPN3,196,131
EPOP,18,12
EPOR,16,2
EPO,14,3
EPPK1,61,31
EPRS,1574,575
EPS15L1,373,69
EPS15,1163,580
EPS8L1,57,46
EPS8L2,142,87
EPS8L3,162,87
EPS8,1408,1072
EPSTI1,2085,314
EPX,208,107
EPYC,779,490
EQTN,32,3
ERAL1,107,34
ERAP1,506,269
ERAP2,516,147
ERAS,1,1
ERBB2,276,134
ERBB3,104,61
ERBB4,8505,2131
ERBIN,337,32
ERC1,1807,609
ERC2,6176,2906
ERCC1,130,15
ERCC2,107,12
ERCC3,481,232
ERCC4,227,122
ERCC5,527,267
ERCC6L2,1325,737
ERCC6L,1,1
ERCC6,1317,547
ERCC8,333,10
EREG,146,45
ERFE,190,88
ERF,35,10
ERGIC1,1216,785
ERGIC2,176,117
ERGIC3,111,37
ERG,3548,1374
ERH,106,63
ERI1,357,346
ERI2,122,6
ERI3,1196,446
ERICH1,688,391
ERICH2,180,177
ERICH3,1208,398
ERICH4,3,3
ERICH5,537,226
ERICH6B,1847,671
ERICH6,263,8
ERLEC1,179,134
ERLIN2,247,236
ERMAP,864,548
ERMARD,249,43
ERMN,52,52
ERMP1,510,239
ERN1,1232,414
ERN2,301,151
ERO1A,149,116
ERO1B,335,96
ERP27,344,271
ERP29,36,6
ERP44,644,566
ERRFI1,117,13
ESAM,34,15
ESCO1,221,96
ESCO2,490,198
ESD,550,128
ESF1,385,133
ESM1,68,20
ESPL1,249,39
ESPNL,1074,278
ESPN,203,137
ESR1,4139,2743
ESR2,423,2
ESRP1,553,244
ESRP2,33,7
ESRRA,132,2
ESRRB,1765,224
ESRRG,10621,3401
ESX1,1,1
ESYT1,123,28
ESYT2,1199,151
ESYT3,341,100
ETAA1,103,49
ETF1,112,54
ETFA,463,245
ETFBKMT,37,17
ETFB,84,67
ETFDH,137,30
ETFRF1,19,4
ETHE1,69,18
ETNK1,310,75
ETNK2,245,66
ETNPPL,344,27
ETS1,1583,236
ETS2,214,36
ETV1,1779,331
ETV2,24,5
ETV3L,90,16
ETV3,120,4
ETV4,155,117
ETV5,417,131
ETV6,3920,1385
ETV7,106,82
EVA1A,313,15
EVA1B,11,4
EVA1C,2826,1456
EVC2,3596,558
EVC,2706,501
EVI2A,44,2
EVI2B,45,1
EVI5L,145,30
EVI5,4431,857
EVL,2616,547
EVPL,227,110
EVX1,30,3
EVX2,18,16
EWSR1,128,93
EXD1,229,12
EXD2,963,500
EXO1,654,145
EXO5,33,21
EXOC1,219,45
EXOC2,1052,34
EXOC3L1,34,7
EXOC3L2,92,37
EXOC3,134,80
EXOC4,12712,2615
EXOC5,185,12
EXOC6B,4124,1832
EXOC6,1255,584
EXOC7,496,334
EXOC8,34,22
EXOG,737,318
EXOSC10,134,71
EXOSC1,33,1
EXOSC2,237,57
EXOSC3,17,15
EXOSC4,29,14
EXOSC5,22,5
EXOSC6,21,7
EXOSC7,281,28
EXOSC8,94,7
EXOSC9,105,8
EXT1,3627,850
EXT2,1921,410
EXTL1,218,76
EXTL2,285,138
EXTL3,2212,666
EYA1,2683,415
EYA2,6191,3075
EYA3,955,632
EYA4,4387,2288
EYS,13379,5518
EZH1,446,135
EZH2,303,115
EZR,710,614
F10,202,61
F11R,194,56
F11,369,90
F12,72,16
F13A1,3449,1446
F2RL1,222,131
F2RL2,80,52
F2RL3,24,3
F2R,221,136
F2,352,118
F3,224,62
F5,946,700
F7,101,28
F8A1,1,1
F8,1,1
F9,1,1
FA2H,1368,429
FAAH2,1,1
FAAH,322,52
FAAP100,122,64
FAAP20,39,31
FAAP24,27,12
FABP1,47,17
FABP2,50,33
FABP3,51,13
FABP4,61,4
FABP5,20,1
FABP6,97,61
FABP7,70,9
FADD,84,49
FADS1,197,150
FADS2,719,469
FADS3,466,306
FADS6,129,62
FAF1,4395,1396
FAF2,161,3
FAHD1,17,16
FAHD2B,290,254
FAH,986,643
FAIM2,391,125
FAIM,56,11
FAM102B,1835,1005
FAM103A1,39,14
FAM104A,390,104
FAM105A,791,400
FAM107A,1602,327
FAM107B,1528,786
FAM109A,71,18
FAM109B,87,22
FAM110A,166,132
FAM110B,1932,1447
FAM110C,50,41
FAM110D,13,4
FAM111A,213,104
FAM111B,130,19
FAM114A1,1898,794
FAM114A2,487,54
FAM117A,699,445
FAM117B,579,420
FAM118A,831,235
FAM118B,462,363
FAM120A,132,11
FAM120B,605,119
FAM120C,1,1
FAM122A,65,12
FAM122B,1,1
FAM124A,1798,400
FAM124B,461,279
FAM126A,713,382
FAM126B,51,2
FAM129A,2070,696
FAM129B,840,180
FAM129C,119,21
FAM131A,42,17
FAM131B,146,92
FAM131C,250,8
FAM133A,1,1
FAM133B,196,85
FAM135A,379,68
FAM135B,7912,2998
FAM136A,19,10
FAM13A,6885,2676
FAM13B,778,67
FAM13C,884,192
FAM149A,593,519
FAM149B1,685,535
FAM151A,328,18
FAM151B,473,237
FAM155A,9879,3642
FAM155B,1,1
FAM159A,390,225
FAM159B,170,80
FAM160A1,4857,1934
FAM160A2,319,168
FAM160B1,516,169
FAM160B2,274,92
FAM161A,111,10
FAM161B,68,38
FAM162A,144,105
FAM162B,65,45
FAM163A,1426,783
FAM163B,735,500
FAM166B,23,17
FAM167A,1060,619
FAM167B,16,13
FAM168A,2512,278
FAM168B,342,302
FAM169A,484,236
FAM169B,320,219
FAM170B,60,25
FAM171A1,2773,618
FAM171A2,102,60
FAM171B,435,183
FAM172A,2216,938
FAM173A,4,1
FAM173B,465,156
FAM174A,200,48
FAM174B,2595,1016
FAM177A1,106,71
FAM177B,344,171
FAM178B,591,126
FAM180A,290,34
FAM180B,25,5
FAM181A,68,17
FAM181B,35,13
FAM183A,184,136
FAM184A,1735,1022
FAM184B,2979,1064
FAM185A,559,296
FAM186A,684,413
FAM186B,411,126
FAM187B,151,36
FAM189A1,4302,125
FAM189A2,956,455
FAM189B,32,13
FAM192A,318,138
FAM193A,1925,767
FAM193B,99,1
FAM196A,508,22
FAM196B,467,425
FAM198A,852,291
FAM198B,793,185
FAM199X,1,1
FAM19A1,4256,1491
FAM19A2,6503,2546
FAM19A3,396,257
FAM19A4,1810,215
FAM19A5,3203,957
FAM200A,178,63
FAM200B,292,63
FAM204A,344,41
FAM205A,27,2
FAM205C,35,27
FAM206A,204,85
FAM207A,492,293
FAM208A,435,118
FAM208B,652,575
FAM209B,50,10
FAM20A,1216,720
FAM20B,549,230
FAM20C,525,20
FAM210A,161,63
FAM210B,348,77
FAM212A,7,3
FAM212B,227,94
FAM213A,104,47
FAM213B,29,23
FAM214A,529,47
FAM214B,33,25
FAM216A,63,7
FAM216B,131,9
FAM217B,75,29
FAM219A,539,323
FAM219B,23,13
FAM221A,454,36
FAM221B,91,74
FAM222A,335,215
FAM222B,693,112
FAM227A,952,753
FAM227B,1085,106
FAM228A,573,308
FAM229A,41,13
FAM229B,77,37
FAM234A,56,11
FAM234B,1891,803
FAM237A_1,47,35
FAM237A,130,13
FAM240A,74,2
FAM24B,61,28
FAM25A,65,31
FAM26D,341,152
FAM26E,47,21
FAM26F,9,3
FAM32A,16,3
FAM35A,565,294
FAM3A,1,1
FAM3B,1088,128
FAM3C,418,14
FAM3D,1414,306
FAM43A,13,3
FAM43B,74,29
FAM45A,584,21
FAM46A,25,3
FAM46B,62,21
FAM46C,179,49
FAM46D,1,1
FAM47E,362,208
FAM49A,1874,660
FAM49B,2369,621
FAM50A,1,1
FAM50B,526,176
FAM53A,128,65
FAM53B,1985,1330
FAM53C,128,6
FAM57A,92,20
FAM57B,45,5
FAM58A,1,1
FAM60A,181,137
FAM69A,3024,854
FAM69C,119,55
FAM71A,44,16
FAM71B,635,254
FAM71C,27,6
FAM71D,162,126
FAM71E1,14,7
FAM71E2,24,11
FAM71F1,306,58
FAM71F2,320,113
FAM72A,123,24
FAM76A,158,106
FAM76B,173,69
FAM78A,275,169
FAM78B,1181,856
FAM81A,1038,44
FAM81B,931,367
FAM83A,271,181
FAM83B,1265,287
FAM83C,71,51
FAM83D,221,149
FAM83E,19,8
FAM83F,530,293
FAM83G,407,173
FAM83H,108,37
FAM84A,43,13
FAM84B,37,18
FAM89A,373,167
FAM89B,36,24
FAM8A1,150,32
FAM91A1,647,428
FAM92A,60,30
FAM92B,416,81
FAM96A,88,51
FAM96B,28,7
FAM98A,244,118
FAM98B,145,1
FAM98C,38,4
FAN1,172,37
FANCA,590,474
FANCB,1,1
FANCC,2582,1268
FANCD2OS,22,9
FANCD2,477,237
FANCF,20,2
FANCG,65,53
FANCI,568,318
FANCL,1818,836
FANCM,200,12
FANK1,2821,706
FAP,199,19
FAR1,672,168
FAR2,694,463
FARP1,8421,2826
FARP2,262,59
FARS2,9193,3161
FARSA,38,17
FARSB,1520,1087
FASLG,52,4
FASN,79,51
FASTKD1,120,65
FASTKD2,261,184
FASTKD3,156,63
FASTKD5,143,110
FASTK,34,19
FAS,235,140
FAT1,2165,676
FAT2,1584,436
FAT3,14639,7819
FAT4,1155,75
FATE1,1,1
FAU,34,5
FAXC,1003,711
FAXDC2,368,288
FBF1,339,105
FBLIM1,628,153
FBLN1,1907,637
FBLN2,528,231
FBLN5,1804,674
FBLN7,289,19
FBL,52,8
FBN1,929,270
FBN2,2167,291
FBN3,414,29
FBP1,498,247
FBP2,715,263
FBRSL1,697,214
FBRS,33,3
FBXL12,76,16
FBXL13,2231,1024
FBXL14,8,7
FBXL15,21,6
FBXL16,23,3
FBXL17,3890,763
FBXL18,1076,239
FBXL19,61,23
FBXL20,624,249
FBXL21,246,67
FBXL22,13,9
FBXL2,1135,439
FBXL3,101,22
FBXL4,332,285
FBXL5,895,240
FBXL6,20,7
FBXL7,8667,4105
FBXL8,58,16
FBXO10,906,477
FBXO11,516,241
FBXO15,234,17
FBXO16,704,339
FBXO17,328,243
FBXO18,1136,744
FBXO21,170,117
FBXO22,387,223
FBXO24,168,10
FBXO25,731,299
FBXO28,144,4
FBXO2,62,50
FBXO30,145,33
FBXO31,942,444
FBXO32,298,215
FBXO33,156,3
FBXO34,215,39
FBXO36,2262,1127
FBXO38,776,42
FBXO39,716,20
FBXO3,639,197
FBXO40,245,144
FBXO41,222,96
FBXO42,566,85
FBXO43,140,103
FBXO44,85,70
FBXO45,52,2
FBXO46,39,11
FBXO47,419,231
FBXO48,109,3
FBXO4,151,10
FBXO5,180,55
FBXO6,340,224
FBXO7,331,65
FBXO8,699,169
FBXO9,336,87
FBXW11,465,316
FBXW2,237,73
FBXW4,507,35
FBXW7,1977,708
FBXW8,1236,593
FBXW9,14,7
FCAMR,322,150
FCAR,47,21
FCER1A,18,5
FCER1G,39,26
FCER2,58,9
FCF1,224,4
FCGBP,302,57
FCGR1A,56,21
FCGR2B,152,12
FCGR3A,40,13
FCGRT,50,37
FCHO1,133,45
FCHO2,710,187
FCHSD1,195,20
FCHSD2,3304,125
FCMR,184,62
FCN1,179,6
FCN2,143,30
FCRL4,185,36
FCRL5,395,127
FCRL6,214,145
FCRLA,64,52
FCRLB,77,65
FDFT1,610,289
FDPS,159,48
FDX1,265,33
FDXACB1,37,2
FDXR,91,74
FECH,248,6
FEM1A,14,1
FEM1B,117,27
FEM1C,214,9
FEN1,79,68
FER1L4,429,131
FER1L5,440,15
FER1L6,4421,1363
FERD3L,36,18
FERMT1,1248,522
FERMT2,268,56
FERMT3,426,133
FER,5993,1084
FES,98,58
FETUB,38,12
FEV,15,7
FEZ1,213,103
FEZ2,541,241
FEZF1,20,1
FEZF2,16,11
FFAR1,37,23
FFAR2-L,67,36
FFAR2,42,9
FFAR3,15,4
FGA,56,6
FGB,162,83
FGD1,1,1
FGD2,231,99
FGD3,579,41
FGD4,1262,1114
FGD5,861,406
FGD6,2975,716
FGF10,274,165
FGF11,66,18
FGF12,5380,427
FGF13,1,1
FGF14,12980,5583
FGF16,1,1
FGF17,56,16
FGF18,358,118
FGF19,39,2
FGF1,1981,1067
FGF20,103,15
FGF21,12,5
FGF22,9,1
FGF23,160,69
FGF2,711,163
FGF3,124,33
FGF4,28,1
FGF5,264,62
FGF6,239,100
FGF7,265,28
FGF8,17,9
FGF9,177,24
FGFBP1,100,49
FGFBP3,11,6
FGFR1OP2,213,23
FGFR1OP,557,199
FGFR1,338,311
FGFR2,1793,846
FGFR3,106,46
FGFR4,26,1
FGFRL1,56,19
FGG,139,70
FGGY,8581,3759
FGL1,894,149
FGL2,59,10
FGR,120,70
FHAD1,1884,999
FHDC1,604,121
FHIT,12509,3318
FHL1,1,1
FHL2,543,482
FHL3,18,13
FHL5,412,266
FHOD1,115,63
FHOD3,7688,1788
FH,413,155
FIBCD1,754,333
FIBIN,35,12
FIBP,77,11
FICD,49,21
FIG4,1820,909
FIGLA,101,43
FIGNL1,48,22
FIGNL2,539,220
FIGN,377,128
FILIP1L,1174,798
FILIP1,1020,494
FIP1L1,574,148
FIS1,41,8
FITM1,17,2
FITM2,33,20
FIZ1,11,9
FJX1,33,2
FKBP10,132,44
FKBP11,42,30
FKBP14,190,17
FKBP15,964,331
FKBP1A,269,152
FKBP1B,195,97
FKBP2,21,2
FKBP3,29,3
FKBP4,55,20
FKBP5,602,254
FKBP6,522,57
FKBP7,110,71
FKBP8,37,6
FKBP9,620,231
FKBPL,33,4
FKRP,64,30
FKTN,692,348
FLAD1,41,15
FLCN,332,152
FLI1,1434,270
FLII,148,95
FLNA,1,1
FLNB,1246,318
FLNC,247,12
FLOT1,145,50
FLOT2,213,39
FLRT1,1100,168
FLRT2,1120,726
FLRT3,83,39
FLT1,1649,133
FLT3,1085,122
FLT4,290,169
FLVCR1,358,62
FLVCR2,639,270
FLYWCH1,40,1
FLYWCH2,32,1
FMC1,89,68
FMN1,2109,714
FMNL1,310,54
FMNL2,2243,1384
FMNL3,686,99
FMO1,208,21
FMO2,281,75
FMO3,56,4
FMO4,230,25
FMO5,128,21
FMOD,81,11
FMR1NB,1,1
FMR1,1,1
FN1,942,248
FN3KRP,74,60
FN3K,82,69
FNBP1L,952,269
FNBP1,2423,1613
FNBP4,428,69
FNDC10,12,10
FNDC11,13,1
FNDC1,2299,1415
FNDC3A,724,55
FNDC3B,841,67
FNDC4,64,39
FNDC5,44,16
FNDC7,511,236
FNDC8,228,143
FNDC9,124,5
FNIP1,682,318
FNIP2,1038,158
FNTA,379,199
FNTB,966,163
FOCAD,1336,110
FOLH1B,1188,405
FOLR1_1,195,98
FOLR1,121,105
FOLR2,51,44
FOPNL,83,29
FOSB,29,6
FOSL1,66,8
FOSL2,259,124
FOS,11,2
FOXA1,28,13
FOXA2,34,18
FOXA3,19,5
FOXB1,10,5
FOXB2,27,13
FOXC1,9,4
FOXC2,22,8
FOXD1,25,1
FOXD2,13,6
FOXD3,16,10
FOXE1,62,12
FOXE3,55,33
FOXF1,174,30
FOXF2,26,12
FOXG1,8,2
FOXH1,14,3
FOXI1,84,48
FOXI2,12,3
FOXI3,50,14
FOXJ1,38,12
FOXJ2,403,161
FOXJ3,1281,583
FOXK1,1496,825
FOXK2,324,128
FOXL1,64,11
FOXL2,10,5
FOXM1,126,56
FOXN1,454,165
FOXN2,813,164
FOXN3,7465,3445
FOXN4,109,60
FOXO1,640,192
FOXO3,723,150
FOXO4,1,1
FOXO6,194,129
FOXP1,4435,635
FOXP2,4721,897
FOXP3,1,1
FOXP4,331,129
FOXQ1,11,5
FOXR1,100,49
FOXR2,1,1
FOXRED1,114,84
FOXRED2,517,291
FOXS1,139,34
FPGS,493,64
FPGT,156,31
FRA10AC1,371,122
